id;姓名;异名;朝代;时期;年份;所属府地;现代区划;坐标;交游圈;网络度数;在网络图;来源组;事迹;CBDB编号;CBDB链接;数据标记
P001;王范;;三国;太康八年(287)前后;287;广州府;广东佛山市南海区;23.03,113.11;;;N;1;闭户不出，以琴书自娱。;;;
P002;杨环;;唐代;咸通二年(861)登科;861;广州府;广东佛山市南海区;23.03,113.11;;;N;1;"隐居罗浮，日以琴樽自娱，称""南滨三隐""。";;;
P003;罗宝珍;;北宋;宋末/弘治间取归;1050;广州府;广东佛山市顺德区;22.83,113.25;;;N;1;"道士，自斫一琴名""震北雷""。";;;
P004;梁新仪;;明代;永乐乙酉(1405)举人;1405;广州府;广东佛山市顺德区;22.83,113.25;;;N;2;太平府学教授，每夕衣冠危坐，或焚香鼓琴。;;;
P005;黄瑜;;明代;景泰/成化(1456-1469);1456;广州府;广东中山市;22.52,113.39;;;N;1;居双槐亭，建友琴堂，作《友琴堂》诗及琴赋。;;;
P006;简政;;明代;成化元年(1464)举人;1464;广州府;广东佛山市顺德区;22.83,113.25;;;N;1;"号琴轩，善琴，谓其""将弹琴而治乎""。";;;
P007;伍云;;明代;成化七年(1471)前后;1471;广州府;广东江门市新会区;22.53,113.03;;;N;1;"陈白沙弟子，常乘""光风艇""置琴独钓。";;;
P008;陈景云;;明代;成化/弘治间;1500;广州府;广东江门市新会区;22.53,113.03;;;N;2;陈献章之子，受白沙心学影响，善弹琴。;;;
P009;张诩;;明代;成化/弘治间;1500;广州府;广东佛山市南海区;23.03,113.11;;;N;2;陈献章门下弟子，受白沙心学影响，善弹琴。;;;
P010;蔡亨嘉;;明代;成化/弘治间;1500;广州府;佛山顺德/东莞市;22.83,113.25;;;N;2;皆为陈献章门下弟子，受心学影响而善弹琴。;203845;https://cbdb.fas.harvard.edu/cbdbapi/person.php?id=203845;拆分自合并单元格
P011;陈秉常;;明代;成化/弘治间;1500;广州府;佛山顺德/东莞市;22.83,113.25;;;N;2;皆为陈献章门下弟子，受心学影响而善弹琴。;431523;https://cbdb.fas.harvard.edu/cbdbapi/person.php?id=431523;拆分自合并单元格
P012;何庸;;明代;成化丁酉(1477);1477;广州府;广东中山市小榄镇;22.66,113.24;;;N;1;"鼓琴调鹤自娱，号""琴鹤东人""，名动京师。";;;
P013;黄畿;;明代;成化后(黄瑜之子);1500;广州府;广东中山市;22.52,113.39;;;N;1;七岁善属对鼓琴，研九流，撰《易说》。;283182;https://cbdb.fas.harvard.edu/cbdbapi/person.php?id=283182;
P014;陈献章;;明代;正统/弘治(1447-1500);1447;广州府;广东江门市新会区;22.53,113.03;2-先贤/宗师;1;Y;1;白沙心学宗师，倡以琴节性和情，藏琴多床。;29570;https://cbdb.fas.harvard.edu/cbdbapi/person.php?id=29570;
P015;湛若水;;明代;弘治/嘉靖(1492-1566);1492;广州府;广东广州市增城区;23.30,113.83;;;N;1;陈白沙弟子，著《古乐经传》，以琴洗心炼性。;131191;https://cbdb.fas.harvard.edu/cbdbapi/person.php?id=131191;
P016;黄佐;;明代;正德/嘉靖(1510-1566);1510;广州府;广东中山市;22.52,113.39;;;N;1;著《泰泉乡礼》推行琴乐教化，自度琴操三首。;30674;https://cbdb.fas.harvard.edu/cbdbapi/person.php?id=30674;
P017;黄愚任;;明代;正德/嘉靖间;1500;广州府;广东东莞市;23.02,113.75;;;N;1;历友数十家琴师，八十岁编成《鸣弦一得》。;;;
P018;陈激衷;;明代;嘉靖壬午(1522)举人;1522;广州府;广东佛山市南海区;23.03,113.11;;;N;1;尤精乐律，与方献夫谈论鼓琴，斫六虚琴。;;;
P019;张于逵;;明代;嘉靖(1543-1553);1543;广州府;广东广州市番禺区;22.93,113.38;;;N;1;解组归乡时行李萧然，仅琴书而已。;204249;https://cbdb.fas.harvard.edu/cbdbapi/person.php?id=204249;
P020;陈万言;;明代;嘉靖壬子(1552)举人;1552;广州府;广东佛山市南海区;23.03,113.11;;;N;1;结社浮丘，探望邹应龙时鼓琴终日。;;;
P021;袁昌祚;;明代;嘉靖/隆庆(1555-1571);1555;广州府;广东东莞市;23.02,113.75;;;N;1;嗜书，著《乐律考》，为《鸣弦一得》作序。;205766;https://cbdb.fas.harvard.edu/cbdbapi/person.php?id=205766;
P022;黄正色;;明代;嘉靖壬戌(1562)进士;1562;广州府;佛山南海/中山市;23.03,113.11;;;N;1;江阴人，任南海令时，昼间坐堂上弹琴自适。;;;
P023;孔希保;;明代;嘉靖/万历间;1500;广州府;广东佛山市南海区;23.03,113.11;;;N;1;杜门索居，以弹琴适志为乐。;;;
P024;湛自正;;明代;万历乙酉(1585)举人;1585;广州府;广东广州市增城区;23.30,113.83;;;N;1;湛若水裔孙，筑别墅弹琴读书自娱。;;;
P025;李杜文;;明代;万历(1593-1607);1593;广州府;广东江门市新会区;22.53,113.03;;;N;1;历官十载，囊无长物，惟琴书笔砚而已。;;;
P026;伍瑞隆;;明代;天启辛酉(1621)乡试;1621;广州府;广东中山市;22.52,113.39;;;N;1;"晚卜筑鸠艾山，遗有明琴""风雷吼""。";551202;https://cbdb.fas.harvard.edu/cbdbapi/person.php?id=551202;
P027;曾宜高;;明代;天启甲子(1624)举人;1624;广州府;广东佛山市顺德区;22.83,113.25;;;N;1;雅善琴，抚弦不辍，著有《琴谱》。;;;
P028;黎遂球;;明代;天启/崇祯(1626-1640);1626;广州府;广东广州市番禺区;22.93,113.38;;;N;1;南园名士，辟晴眉阁旁为文房，临帖学琴。;;;
P029;韦士贲;;明代;明末;1500;广州府;广东佛山市顺德区;22.83,113.25;;;N;1;嗜学不倦，终日危坐，兴至或弹琴自适。;;;
P030;邝露;;明末清初;崇祯/顺治(1634-1650);1634;广州府;广东佛山市南海区;23.03,113.11;;;N;1;"殉国烈士，藏""南风""""绿绮台""古琴，抱琴死节。";73479;https://cbdb.fas.harvard.edu/cbdbapi/person.php?id=73479;
P031;张乔;;明末清初;明末南园诗社时期;1644;广州府;广东广州市;23.13,113.26;;;N;1;明季才女，侍陈子壮等赋诗，留有抱琴像。;;;
P032;陈其秩;;明末清初;清初迁界时期;1644;广州府;广东佛山市顺德区;22.83,113.25;;;N;1;明亡后抱琴书侨居县城授徒，隐居不仕。;;;
P033;梁启运;;明末清初;崇祯/清初;1644;广州府;广东广州市番禺区;22.93,113.38;;;N;1;筑室水云别墅隐居不出，雅善鼓琴。;;;
P034;薛始亨;;明末清初;崇祯/康熙(1617-1686);1617;广州府;广东佛山市顺德区;22.83,113.25;;;N;1;"遗民，入罗浮山斫""都梁""琴，著《琴赋》。";91628;https://cbdb.fas.harvard.edu/cbdbapi/person.php?id=91628;
P035;陈子升;;明末清初;永历/康熙(1614-1692);1614;广州府;广东佛山市南海区;23.03,113.11;;;N;1;遗民，自度《水东游》，著《琴翼》，典赎古琴。;81558;https://cbdb.fas.harvard.edu/cbdbapi/person.php?id=81558;
P036;黄元祥;;明末清初;崇祯间贡生/清初;1644;广州府;广东广州市番禺区;22.93,113.38;;;N;1;明亡后闭户不出，日夕与妻吟诗弹琴相乐。;;;
P037;王华姜;;清初;康熙间 (1669年归粤);1669;广州府;广东广州市番禺区;22.93,113.38;;;N;2;陕西榆林人，屈大均之妾，病卒殉琴。;522323;https://cbdb.fas.harvard.edu/cbdbapi/person.php?id=522323;
P038;闻一和尚;;清代;康熙(1662年前后);1662;广州府;广东广州市荔湾区;23.12,113.24;;;N;1;广陵人，主持华林寺，善琴能画。;;;
P039;今身;;清代;康熙戊申(1668)弃诸生;1668;广州府;广东江门市新会区;22.53,113.03;;;N;1;本俗姓刘，嗜学好古，善鼓琴，后削发为僧。;;;
P040;陈恭尹;;清代;康熙(1631-1700);1631;广州府;广东佛山市顺德区;22.83,113.25;;;N;1;岭南三大家，作《御琴歌》，参订琴谱。;65498;https://cbdb.fas.harvard.edu/cbdbapi/person.php?id=65498;
P041;屈大均;;清代;康熙(1630-1696);1630;广州府;广东广州市番禺区;22.93,113.38;;;N;1;岭南三大家，作《御琴歌》，为亡妻殉琴。;30190;https://cbdb.fas.harvard.edu/cbdbapi/person.php?id=30190;
P042;梁佩兰;;清代;顺治/康熙(1657-1688);1657;广州府;广东佛山市南海区;23.03,113.11;;;N;1;"岭南三大家，得苏轼""六莹琴""并以琴名堂。";63883;https://cbdb.fas.harvard.edu/cbdbapi/person.php?id=63883;
P043;际鼎;;清代;康熙间;1750;广州府;广东佛山市顺德区;22.83,113.25;;;N;1;不慕荣名，喜作诗字，弹琴自适，有菊癖。;;;
P044;黄登;;清代;康熙间;1750;广州府;广东广州市番禺区;22.93,113.38;;;N;1;与梁佩兰结琴社于光孝寺，善鼓琴。;;;
P045;罗谦;;清代;康熙间;1750;广州府;广东广州市番禺区;22.93,113.38;;;N;1;隐迹龙溪以布衣老，善琴，陈恭尹等有诗咏。;;;
P046;陈阿平;;清代;康熙间;1750;广州府;广东东莞市;23.02,113.75;;;N;1;参订《蓼怀堂琴谱》，与陈恭尹等交好。;;;
P047;黄国璘;;清代;康熙间;1750;广州府;广东江门市新会区;22.53,113.03;;;N;1;参订《蓼怀堂琴谱》，作序论琴道。;;;
P048;叶梦稷;;清代;顺治丁酉(1657)举人;1657;广州府;广东江门市新会区;22.53,113.03;;;N;1;旷怀安遇，弹琴乐道，有白沙之风。;;;
P049;伍佳郎;;清代;顺治五年(1648)大饥;1648;广州府;广东江门市新会区;22.53,113.03;;;N;1;朝夕课子，暇则弹琴赋诗，筑室南湖。;;;
P050;张显遇;;清代;康熙/雍正(1697-1725);1697;广州府;广东江门市新会区;22.53,113.03;;;N;1;雍正引疾归，于琴诗杂艺皆能淹通。;401717;https://cbdb.fas.harvard.edu/cbdbapi/person.php?id=401717;
P051;成鉴和尚;;清代;康熙/雍正间;1750;广州府;广东广州市越秀区;23.13,113.26;;;N;1;光孝寺僧，幼知音律，琴理甚深。;;;
P052;何梦瑶;;清代;雍正/乾隆(1729-1730);1729;广州府;广东佛山市南海区;23.03,113.11;;;N;1;硕儒，通音律，著《賡和录》考释琴律。;78835;https://cbdb.fas.harvard.edu/cbdbapi/person.php?id=78835;
P053;盛复初;;清代;乾隆癸丑至嘉庆乙未;1750;广州府;广东江门市新会区;22.53,113.03;3-黄景星师长辈;1;Y;1;秀水人，任冈州书院山长，授黄景星琴曲。;;;
P054;莫锡龄;;清代;乾隆间;1750;广州府;广东江门市新会区;22.53,113.03;3-黄景星师长辈;1;Y;1;酷好丝桐，蓄古琴百张，极力鼓励后辈。;;;
P055;张文焯;;清代;乾隆四十五年(1780);1780;广州府;广东江门市新会区;22.53,113.03;3-黄景星师长辈;1;Y;1;闲雅工琴，蓄琴极富，授黄景星《水仙操》。;607278;https://cbdb.fas.harvard.edu/cbdbapi/person.php?id=607278;
P056;黄观炯;;清代;乾隆(1761-1794);1761;广州府;广东江门市新会区;22.53,113.03;3-黄景星师长辈;1;Y;1;黄景星从兄，好读书弹琴，授黄景星指法。;;;
P057;黄鸣盛;;清代;乾隆四十四年(1779);1779;广州府;广东江门市新会区;22.53,113.03;3-黄景星师长辈;1;Y;1;黄景星之父，手抄《古冈遗谱》传世。;117988;https://cbdb.fas.harvard.edu/cbdbapi/person.php?id=117988;
P058;黎简;;清代;乾隆/嘉庆(1747-1799);1747;广州府;广东佛山市顺德区;22.83,113.25;;;N;1;"著名诗画家，藏""帘泉""琴，有大量琴诗。";91347;https://cbdb.fas.harvard.edu/cbdbapi/person.php?id=91347;
P059;何洛书;;清代;乾隆己巳(1749)检讨;1749;广州府;广东中山市小榄镇;22.66,113.24;3-黄景星师长辈;1;Y;1;著《琴谱》（佚），传授黄景星大操。;;;
P060;黄其勤;;清代;乾隆/道光(卒于1832);1832;广州府;广东江门市新会区;22.53,113.03;;;N;2;黄景星之兄，曾与黄景星等纂辑三十余谱。;435699;https://cbdb.fas.harvard.edu/cbdbapi/person.php?id=435699;
P061;陈世堂;;清代;乾隆/嘉庆间;1750;广州府;广东广州市番禺区;22.93,113.38;3-黄景星师长辈;1;Y;1;擅文词，鼓琴为一时之冠，传《雁落平沙》。;;;
P062;何文祥;;清代;嘉庆庚申(1800);1800;广州府;广东江门市新会区;22.53,113.03;3-黄景星师长辈;1;Y;1;何洛书之子，谙琴理，传黄景星琴曲。;;;
P063;何凤;;清代;嘉庆十八年(1813);1813;广州府;广东江门市新会区;22.53,113.03;;;N;1;"购得古琴""秋梧""以为号，与黄景星有琴交。";;;
P064;蔡显原;;清代;嘉庆二十一年(1816);1816;广州府;广东中山市;22.52,113.39;;;N;1;为黄文玉《琴臠》作题咏。;653082;https://cbdb.fas.harvard.edu/cbdbapi/person.php?id=653082;
P065;陈上进;;清代;嘉庆间;1750;广州府;广东广州市;23.13,113.26;;;N;2;撰有《琴谱》卷数阙如，见于《广州府志》。;668861;https://cbdb.fas.harvard.edu/cbdbapi/person.php?id=668861;
P066;陈昙;;清代;嘉庆/道光间;1750;广州府;广东广州市番禺区;22.93,113.38;;;N;1;"慕邝露为人，得藏其""绿绮台""琴。";81353;https://cbdb.fas.harvard.edu/cbdbapi/person.php?id=81353;
P067;莫云汉;;清代;嘉庆/道光间;1750;广州府;广东江门市新会区;22.53,113.03;;;N;1;延请何洛书为馆师，教授子弟琴学。;;;
P068;莫延芳;;清代;嘉庆/道光间;1750;广州府;广东江门市新会区;22.53,113.03;4-羊城琴社;1;Y;1;与黄景星同师何洛书，细订《醉渔唱晚》。;;;
P069;黄崇干;;清代;嘉庆/道光间;1750;广州府;广东江门市新会区;22.53,113.03;4-羊城琴社;1;Y;2;黄其勤长子，时跌宕于琴酒，同研琴谱。;;;
P070;黄景星;;清代;嘉庆/道光(1816-1842);1816;广州府;广东江门市新会区;22.53,113.03;1-核心(新会黄氏);24;Y;1;岭南琴派鼻祖，结琴社，编《悟雪山房琴谱》。;;;
P071;黄文玉;;清代;嘉庆/道光(1815-1843);1815;广州府;广东江门市新会区;22.53,113.03;1-核心(新会黄氏);11;Y;1;黄景星侄，任海南教谕，自度《猿啼秋峡》。;88086;https://cbdb.fas.harvard.edu/cbdbapi/person.php?id=88086;
P072;曾望颜;;清代;嘉庆/同治(1819-1870);1819;广州府;中山/佛山顺德区;22.52,113.39;5-海南琼州交游圈;1;Y;1;善琴，为黄文玉《琴臠》参订。;58421;https://cbdb.fas.harvard.edu/cbdbapi/person.php?id=58421;
P073;陈其锟;;清代;道光六年(1826)进士;1826;广州府;广东广州市番禺区;22.93,113.38;5-海南琼州交游圈;1;Y;1;通琴理，作《琴句七咏》，为《琴臠》作序。;81872;https://cbdb.fas.harvard.edu/cbdbapi/person.php?id=81872;
P074;赵古农;;清代;道光戊子(1828)赋闲;1828;广州府;广东广州市番禺区;22.93,113.38;4-羊城琴社;1;Y;1;居羊城日聆黄景星琴音，为悟谱作序。;;;
P075;陈灼奎;;清代;道光戊子(1828)前后;1828;广州府;广东江门市新会区;22.53,113.03;4-羊城琴社;1;Y;1;黄景星琴社核心成员，得授《雁落平沙》。;;;
P076;陈绮石;;清代;道光间;1750;广州府;广东江门市新会区;22.53,113.03;4-羊城琴社;1;Y;2;陈灼奎之兄，与黄景星等联作琴社。;;;
P077;潘名熊;;清代;道光/同治(1829-1868);1829;广州府;广东广州市番禺区;22.93,113.38;4-羊城琴社;1;Y;1;黄景星琴社常客，多诗作记录羊城琴会。;;;
P078;黄玉衔;;清代;道光十三年(1833)教谕;1833;广州府;广东佛山市顺德区;22.83,113.25;5-海南琼州交游圈;1;Y;1;痴于琴，黄景星弟子，在海南为《琴臠》作序。;681879;https://cbdb.fas.harvard.edu/cbdbapi/person.php?id=681879;
P079;何耀琨;;清代;道光十六年(1836);1836;广州府;广东中山市小榄镇;22.66,113.24;4-羊城琴社;1;Y;1;何洛书之孙，受黄景星琴，为悟谱作序。;;;
P080;杨锡泉;;清代;道光戊戌(1838)从学;1838;广州府;广东佛山市禅城区;23.02,113.12;4-羊城琴社;1;Y;1;遇黄景星于羊城从学，为悟谱作序并参校。;;;
P081;冯筠;;清代;道光庚子(1840)前后;1840;广州府;广东江门市新会区;22.53,113.03;4-羊城琴社;1;Y;1;黄景星弟子，工琴善画，常于山馆雅集弹琴。;;;
P082;何羽仪;;清代;道光二十二年(1842);1842;广州府;广东佛山市顺德区;22.83,113.25;;;N;1;《悟雪山房琴谱》参校者之一。;;;
P083;吴家树;;清代;道光壬寅(1842)前后;1842;广州府;广东广州市番禺区;22.93,113.38;5-海南琼州交游圈;1;Y;1;任琼山训导，为黄文玉《琴臠》作题咏。;591711;https://cbdb.fas.harvard.edu/cbdbapi/person.php?id=591711;
P084;潘仕成;;清代;道光二十七年(1847);1847;广州府;广东广州市荔湾区;23.12,113.24;;;N;1;筑海山仙馆，蓄琴（如天响琴），交结文人。;522304;https://cbdb.fas.harvard.edu/cbdbapi/person.php?id=522304;
P085;陈澧;;清代;道光/同治(1831-1867);1831;广州府;广东广州市番禺区;22.93,113.38;7-梦香园及周边雅集圈;1;Y;1;岭南硕儒，著《琴律谱》，精研古琴律吕。;54955;https://cbdb.fas.harvard.edu/cbdbapi/person.php?id=54955;
P086;李能定;;清代;道光/咸丰(1837-1858);1837;广州府;广东广州市/佛山市;23.13,113.26;;;N;1;学海堂学长，曾赠古琴予陈澧以励之。;;;
P087;黄淇;;清代;道光间;1750;广州府;广东江门市新会区;22.53,113.03;4-羊城琴社;1;Y;2;黄景星之子，参与《悟雪山房琴谱》校字。;;;
P088;释以直;;清代;道光间;1750;广州府;广东广州市海珠区;23.10,113.26;4-羊城琴社;1;Y;2;广州寺僧，黄景星琴社常客，常泛舟鼓琴。;;;
P089;释玉堂;;清代;道光间;1750;广州府;广东广州市荔湾区;23.12,113.24;4-羊城琴社;0;Y;2;华林寺上人（琴僧），潘名熊等曾造访听琴。;;;
P090;黄宝琛;;清代;道光间;1750;广州府;广东广州市番禺区;22.93,113.38;;;N;2;黄禧之嫡叔，生前善琴，遗琴存采渔轩。;;;
P091;黄药航;;清代;道光间;1750;广州府;广东广州市番禺区;22.93,113.38;;;N;2;黄禧堂兄，生前善琴，曾过慈度禅院弹琴。;;;
P092;莫兆琼;;清代;道光间;1750;广州府;广东江门市新会区;22.53,113.03;;;N;2;冈州文人。留有忆听黄景星弹琴的诗作。;;;拆分自合并单元格
P093;莫士敬;;清代;道光间;1750;广州府;广东江门市新会区;22.53,113.03;;;N;2;冈州文人。留有忆听黄景星弹琴的诗作。;;;拆分自合并单元格
P094;卢桐君;;清代;道光间;1750;广州府;广东广州市增城区;23.30,113.83;5-海南琼州交游圈;1;Y;2;均为黄文玉受业弟子，参与《琴臠》编次。;;;拆分自合并单元格
P095;何子桂;;清代;道光间;1750;广州府;广东广州市增城区;23.30,113.83;5-海南琼州交游圈;1;Y;2;均为黄文玉受业弟子，参与《琴臠》编次。;;;拆分自合并单元格
P096;罗登道;;清代;道光间;1750;广州府;广东广州市番禺区;22.93,113.38;;;N;2;均为黄文玉受业弟子，参与《琴臠》编次。;;;拆分自合并单元格
P097;梁姚桂;;清代;道光间;1750;广州府;广东广州市番禺区;22.93,113.38;;;N;2;均为黄文玉受业弟子，参与《琴臠》编次。;;;拆分自合并单元格
P098;黄禧;;清代;道光间;1750;广州府;广东广州市番禺区;22.93,113.38;;;N;1;参与黄景星琴社，与潘名熊等人雅集弹琴。;88033;https://cbdb.fas.harvard.edu/cbdbapi/person.php?id=88033;
P099;黄鹤禄;;清代;道光/咸丰间;1750;广州府;广东江门市新会区;22.53,113.03;;;N;2;黄文玉之子，善琴，为《琴臠》校字。;;;
P100;潘淑卿;;清代;道光/同治(卒于1867);1867;广州府;广东广州市番禺区;22.93,113.38;;;N;2;潘名熊之女，雅善古琴，病卒后潘名熊悼之。;;;
P101;胡准;;清代;道光/同治间;1750;广州府;广东江门市新会区;22.53,113.03;4-羊城琴社;2;Y;1;"悟谱参订者，后常客郑绩""梦香园""。";;;
P102;莫韵石;莫湘厓;清代;道光/咸丰间;1750;广州府;广东江门市新会区;22.53,113.03;4-羊城琴社;1;Y;1;新会琴家，细订《岳阳三醉》等曲。;;;原表/号-已并为异名
P103;陈蔗湖;;清代;咸丰元年(1851)前后;1851;广州府;广东江门市新会区;22.53,113.03;;;N;1;抄录汇集新会琴人修订单曲，成《蔗湖琴谱》。;;;
P104;汪琼;;清代;咸丰三年(1853)入幕;1853;广州府;广东广州市番禺区;22.93,113.38;;;N;1;学海堂名士，晚清琴家朱启连曾受业其门下。;;;
P105;何赞清;;清代;咸丰/同治(1854-1869);1854;广州府;广东中山市小榄镇;22.66,113.24;;;N;1;"颜其堂""七十二琴堂""，著《琴学汇成》。";;;
P106;潘大纪;;清代;咸丰间;1750;广州府;广东佛山市南海区;23.03,113.11;;;N;1;遭岁饥仍不废琴，编有《松筠堂琴谱》（佚）。;;;
P107;彭燮堂;;清代;咸丰/同治间;1750;广州府;广东广州市;23.13,113.26;;;N;2;湖北琴师，沦落至粤，何赞清馆至死并恤其家。;;;
P108;郑绩;;清代;同治七年(1868)前后;1868;广州府;广东广州市越秀区;23.14,113.26;7-梦香园及周边雅集圈;5;Y;1;"筑""梦香园""，召集陈澧、庆瑞等琴人雅集。";;;
P109;庆瑞;;清代;同治庚午(1870)前后;1870;广州府;广东广州市越秀区;23.14,113.26;1-核心(梦香园);6;Y;1;满人，宦粤，于梦香园合奏琴瑟，编合谱。;58075;https://cbdb.fas.harvard.edu/cbdbapi/person.php?id=58075;
P110;李芝仙;;清代;同治间;1750;广州府;广东广州市越秀区;23.14,113.26;7-梦香园及周边雅集圈;1;Y;2;庆瑞之侍妾，常与庆瑞琴瑟对弹，参与校书。;;;
P111;张淑娟;;清代;同治间;1750;广州府;广东广州市越秀区;23.14,113.26;7-梦香园及周边雅集圈;1;Y;2;庆瑞之谊女，随庆瑞习琴瑟，参与校书。;;;
P112;周振麟;;清代;同治间;1750;广州府;广东广州市越秀区;23.14,113.26;7-梦香园及周边雅集圈;1;Y;2;庆瑞之门人，常在梦香园与庆瑞琴瑟合奏。;;;
P113;张志熙;;清代;同治间;1750;广州府;广东广州/江门市;23.14,113.26;;;N;2;同治九年曾在郑绩梦香园重阳聚会中鼓琴。;;;拆分自合并单元格
P114;盛开荣;;清代;同治间;1750;广州府;广东广州/江门市;23.14,113.26;;;N;2;同治九年曾在郑绩梦香园重阳聚会中鼓琴。;;;拆分自合并单元格
P115;罗蕙屏;;清代;同治/光绪间;1750;广州府;广东中山市;22.52,113.39;;;N;1;服陈子清与何赞清之琴，作有论琴诗。;;;
P116;黄绍昌;;清代;同治/光绪(1874-1885);1874;广州府;广东中山市;22.52,113.39;7-梦香园及周边雅集圈;1;Y;1;"陈澧弟子，室名""秋琴馆""，有题秋琴图诗。";88252;https://cbdb.fas.harvard.edu/cbdbapi/person.php?id=88252;
P117;李宝光;;清代;光绪十三年(1887);1887;广州府;广东佛山市禅城区;23.02,113.12;;;N;1;主持重刻黄景星《悟雪山房琴谱》。;;;
P118;黄炳堃;;清代;光绪十四年(1888)前后;1888;广州府;广东江门市新会区;22.53,113.03;1-核心(新会黄氏);6;Y;1;黄文玉之子，宦游云南，自度《南湖秋雁》。;88282;https://cbdb.fas.harvard.edu/cbdbapi/person.php?id=88282;
P119;吴荃选;;清代;光绪十五年(1889)举人;1889;广州府;广东中山市;22.52,113.39;;;N;1;"家藏古琴，参与""十二山楼""听琴雅集。";;;
P120;陈伯陶;;清代;光绪十八年(1892)进士;1892;广州府;广东东莞市;23.02,113.75;;;N;1;鉴定方拱垣所藏古琴为唐物，作观琴听琴诗。;;;
P121;伍铨萃;;清代;光绪十八年(1892)进士;1892;广州府;广东江门市新会区;22.53,113.03;;;N;1;善琴，传有手抄《古冈遗谱》，有琴交。;;;
P122;张其淦;;清代;光绪甲午(1894)进士;1894;广州府;广东东莞市;23.02,113.75;;;N;1;与罗浮道士有琴交，作有多首听琴诗。;;;
P123;陶邵学;;清代;光绪二十年(1894)进士;1894;广州府;广东广州市番禺区;22.93,113.38;8-晚清学者琴律交游圈;1;Y;1;与朱启连共研琴律，著《琴律》。;87886;https://cbdb.fas.harvard.edu/cbdbapi/person.php?id=87886;
P124;朱启连;;清代;光绪乙未(1895)习琴;1895;广州府;广东广州市越秀区;23.13,113.26;1-核心(晚清学者圈);9;Y;1;"晚号""琴皇帝""，精研律吕，编《说琴录》。";74173;https://cbdb.fas.harvard.edu/cbdbapi/person.php?id=74173;
P125;宋彦成;;清代;光绪丁酉(1897)学琴;1897;广州府;广东广州市番禺区;22.93,113.38;8-晚清学者琴律交游圈;1;Y;1;从朱启连学琴，藏名琴，著《琴学易知》。;;;
P126;高大林;;清代;光绪间;1750;广州府;广东江门市新会区;22.53,113.03;8-晚清学者琴律交游圈;1;Y;2;"新会制琴名家，曾重修明古琴""元丰材""。";;;
P127;陈长清;;清代;光绪间;1750;广州府;广东中山市;22.52,113.39;;;N;1;"善弹《平沙落雁》，常驻""十二山楼""弹琴。";;;
P128;劳芹;;清代;光绪间;1750;广州府;广东佛山市南海区;23.03,113.11;;;N;2;"藏宋琴""松雪""，为刘沃森《琴律一得》作序。";;;
P129;张志清;;清代;光绪间;1750;广州府;广东广州市;23.13,113.26;8-晚清学者琴律交游圈;1;Y;2;藏有名琴，通达律吕，收朱启连为徒授琴。;;;
P130;章珠垣;;清代;光绪间;1750;广州府;广东广州市;23.13,113.26;8-晚清学者琴律交游圈;1;Y;2;清末琴学名士，善修琴，常与朱启连等研讨。;;;
P131;林瀚初;;清代;光绪间;1750;广州府;广东广州市;23.13,113.26;;;N;2;清末藏家，藏有唐代龙朔年间古琴。;;;
P132;叶秩甫;;清代;光绪间;1750;广州府;广东佛山市顺德区;22.83,113.25;8-晚清学者琴律交游圈;1;Y;2;"藏有名琴""清夜钟""，与朱启连等切磋。";;;
P133;杨兆桂;;清代;光绪间;1750;广州府;广东广州市;23.13,113.26;8-晚清学者琴律交游圈;1;Y;2;"曾旧藏名琴""绿绮台""，与朱启连有深厚琴交。";;;
P134;蔡廷榕;;清代;清代中后期;1750;广州府;广东佛山市南海区;23.03,113.11;;;N;1;"辟""古琴室""，作《古琴》诗。";;;
P135;沈其缙;;清代;清代中后期;1750;广州府;广东广州市番禺区;22.93,113.38;;;N;1;诸生，工诗画，善弹琴，通医学。;;;
P136;范浚;;清代;嘉庆间;1750;广州府;广东广州市番禺区;22.93,113.38;;;N;1;"画有《携琴小影》，辟""古琴室""。";;;
P137;董百庆;;清代;清代中后期;1750;广州府;广东中山市;22.52,113.39;;;N;1;善鼓琴，为何赞清《琴学汇成》作序。;652152;https://cbdb.fas.harvard.edu/cbdbapi/person.php?id=652152;
P138;黄翼朱;;清代;清代;1750;广州府;广东广州市增城区;23.30,113.83;;;N;1;屡试不第，与知己弹琴赋诗寄意。;;;
P139;翟宗祜;;清代;清代;1750;广州府;广东东莞市;23.02,113.75;;;N;1;构小洞杜门不出，日夕惟弹琴赋诗自适。;;;
P140;莫兆瑜;;清代;清代;1750;广州府;广东江门市新会区;22.53,113.03;;;N;1;善弹琴，遗明琴一床。;;;
P141;颜师吼;;清代;清代;1750;广州府;广东佛山市南海区;23.03,113.11;;;N;1;作《论琴七绝六首》，力排俗调。;;;
P142;方拱垣;;清代;清末;1750;广州府;广东广州市;23.13,113.26;;;N;1;藏陆剑南唐琴，与陈伯陶等文人交游。;;;
P143;李蟠;;清末;清末民国;1900;广州府;广东中山市;22.52,113.39;;;N;2;"民国时收得旧藏的南宋名琴""秋波""。";;;
P144;陈叔举;;清末;清末至民国;1900;广州府;广东广州市番禺区;22.93,113.38;8-晚清学者琴律交游圈;3;Y;1;家世能琴，早年与朱启连游，善修琴。;;;
P145;招鉴芬;;近代;民国(1883-1969);1883;广州府;广东佛山市南海区;23.03,113.11;9-近代传承桥梁;1;Y;2;从容心言处抄《古冈遗谱》给查阜西，现代寻根关键人。;;;
P146;杨新伦;;近代;民国(1898-1990);1898;广州府;广东广州市;23.13,113.26;9-近代传承桥梁;3;Y;2;岭南琴派重要传人，师从郑健候。;;;
P147;容心言;;近代;民国;1920;广州府;香港特别行政区;22.28,114.16;9-近代传承桥梁;4;Y;2;庆瑞之孙，居香港，借《古冈遗谱》予招鉴芬。;;;
P148;郑健候;;近代;民国;1920;广州府;广东中山市;22.52,113.39;9-近代传承桥梁;1;Y;2;杨新伦之师，从祖母学琴，以古冈谱授弟子。;;;
P149;卢家炳;;近代;民国;1920;广州府;广东广州市;23.13,113.26;9-近代传承桥梁;2;Y;2;"中山大学教授，旧藏有""八极隐""古琴。";;;
P150;邓尔雅;;近代;民国;1920;广州府;广东东莞市;23.02,113.75;;;N;2;"藏家，曾珍藏明代名琴""绿绮台""及""伴云琴""。";;;
P151;李文盛;;明代;弘治/正德间;1500;肇庆/粤西;广东肇庆市四会市;23.36,112.73;;;N;3;湛若水同学，客广州时室惟琴书，危坐终日。;237328;https://cbdb.fas.harvard.edu/cbdbapi/person.php?id=237328;
P152;张天统;;明代;明代;1500;肇庆/粤西;广东江门市开平市;22.38,112.70;;;N;3;解组家居后，唯以琴书自乐。;;;
P153;施孔俭;;明代;万历己卯(1579)举人;1579;肇庆/粤西;广东阳江市江城区;21.86,111.98;;;N;3;晚年买舟载琴书，放棹烟波，自称水月主人。;404052;https://cbdb.fas.harvard.edu/cbdbapi/person.php?id=404052;
P154;徐鼎;;明代;洪武十二年(1379)辞归;1379;肇庆/粤西;广东阳江市;21.86,111.98;;;N;4;辞燕府审理时，燕王特赠古琴以壮行色。;;;
P155;何可及;;清代;顺治九年(1652)岁贡;1652;肇庆/粤西;广东佛山市高明区;22.90,112.89;;;N;3;闭户著书，弹琴赋诗，澹如也。;;;
P156;关宗孔;;清代;康熙二十二年(1683);1683;肇庆/粤西;广东佛山市高明区;22.90,112.89;;;N;3;任从化训导，制行端方，善鼓琴，撰《琴谱调》。;;;
P157;谢耀正;;清代;雍正/乾隆(1729-1736);1729;肇庆/粤西;广东江门市开平市;22.38,112.70;;;N;3;善鼓琴，少游京师恒以囊琴自随。;;;
P158;李峰;;清代;乾隆己亥(1779)举人;1779;肇庆/粤西;广东肇庆市德庆县;23.14,111.78;;;N;3;工琴，冯敏昌有听其弹琴诗。;;;
P159;何彬;;清代;嘉庆丁卯(1807)前后;1807;肇庆/粤西;广东肇庆市高要区;23.03,112.46;;;N;3;尤精鼓琴，匿姓名自晦，作《七星岩弹琴》诗。;78681;https://cbdb.fas.harvard.edu/cbdbapi/person.php?id=78681;
P160;梁树基;;清代;道光辛丑(1841)训导;1841;肇庆/粤西;广东阳江市江城区;21.86,111.98;5-海南琼州交游圈;1;Y;4;听黄文玉鼓琴折服并拜为师，参与校定。;;;
P161;陆群儒;;清代;道光八年(1828)登科;1828;肇庆/粤西;广东肇庆市四会市;23.36,112.73;;;N;3;蓄唐琴，善抚《潇湘水云》，为《琴臠》题诗。;673621;https://cbdb.fas.harvard.edu/cbdbapi/person.php?id=673621;
P162;何元;;清代;嘉庆/道光间;1750;肇庆/粤西;广东肇庆市高要区;23.03,112.46;;;N;3;性耽山水，兼善琴弈，多留琴诗。;78664;https://cbdb.fas.harvard.edu/cbdbapi/person.php?id=78664;
P163;何其彬;;清代;同治四年(1865)前后;1865;肇庆/粤西;广东云浮市郁南县;23.23,111.53;;;N;3;"授人制琴之法，自制""小春雷""等，著《琴谱》。";;;
P164;何瑗玉;;清代;同治/光绪间;1750;肇庆/粤西;广东肇庆市端州区;23.05,112.47;;;N;3;藏有琴谱《琴学轫端》，善画墨梅、摹印。;;;
P165;李梦庚;;清代;同治/光绪间;1750;肇庆/粤西;广东江门市鹤山市;22.77,112.96;7-梦香园及周边雅集圈;2;Y;3;"号息斋，制""塔影""、""寒碧""琴，传谱于云南。";;;
P166;何煜恒;;清末;光绪三十二年(1906);1906;肇庆/粤西;广东江门市开平市;22.38,112.70;8-晚清学者琴律交游圈;1;Y;4;宛平人，任开平知县，善琴，朱启连古琴启蒙。;;;
P167;吴尚懋;;清代;道光二十三年(1843);1843;肇庆/粤西;广东湛江市吴川市;21.44,110.78;;;N;5;"善弹古琴，室名""闻思修慧室""，作《琴斋古韵》。";593571;https://cbdb.fas.harvard.edu/cbdbapi/person.php?id=593571;
P168;黎士豪;;清代;清代;1750;肇庆/粤西;广东茂名市;21.66,110.92;;;N;5;构雅咏轩，偕同人酌酒鼓琴，洒如也。;;;
P169;许汝赓;;清代;光绪间;1750;肇庆/粤西;广东茂名市;21.66,110.92;;;N;5;"号""琴狗道人""，入深山潜弹大进。";656935;https://cbdb.fas.harvard.edu/cbdbapi/person.php?id=656935;
P170;刘心弦;;清末;光绪间;1900;肇庆/粤西;广东湛江市廉江市;21.61,110.28;;;N;4;湘人琴师，游岭表数年，尽传其累世之奥。;;;
P171;朱/严二秀才;;宋代;宋代;1100;惠州府;广东惠州市惠阳区;22.79,114.46;;;N;6;不求仕进，作文赋诗，每每鼓琴为乐。;;;群体/家族-需拆分核对
P172;聂逊;;明代;永乐癸卯(1423)举人;1423;惠州府;广东惠州市惠阳区;22.79,114.46;;;N;6;玩意琴书，不乐仕进，后辞教谕归。;;;
P173;谢牧;;明代;宣德/成化(1427-1465);1427;惠州府;广东河源市源城区;23.74,114.70;;;N;6;善鼓琴，隐于桂山，力辞推举。;;;
P174;韩鸣凤;;明代;万历元年(1573)举人;1573;惠州府;广东惠州市博罗县;23.17,114.28;;;N;6;退食辄鼓琴，以琴、莲、悬兰为三益友。;;;
P175;叶犹龙;;明末清初;崇祯/顺治间;1644;惠州府;广东惠州市惠阳区;22.79,114.46;;;N;6;"遗民，重金赎回邝露遗琴""绿绮台""。";;;
P176;焚琴子;;清代;康熙丁巳(1677)卒;1677;惠州府;广东惠州市;23.10,114.41;;;N;6;闽人，因失传人而焚琴。;;;
P177;韩朝英;;清代;清代;1750;惠州府;广东惠州市博罗县;23.17,114.28;;;N;6;闭门瀹茗弹琴，邑令叹其广陵散犹在。;;;
P178;严斗枢;;清代;光绪间;1750;惠州府;广东惠州市博罗县;23.28,114.07;;;N;6;茶山观道士，胡善制琴，中夜操琴指法高。;;;拆分自合并单元格
P179;胡柳溪;;清代;光绪间;1750;惠州府;广东惠州市博罗县;23.28,114.07;;;N;6;茶山观道士，胡善制琴，中夜操琴指法高。;;;拆分自合并单元格
P180;黄氏;;宋代;宋代;1100;潮州府;广东潮州市;23.66,116.62;;;N;7;王元文之妻，共持雅操，作有《听琴》诗。;;;
P181;张奂;;元代;元末胡元之乱时期;1320;潮州府;广东潮州市潮安区;23.63,116.59;;;N;7;避乱潮阳，居常端坐一室，以琴书自娱。;46701;https://cbdb.fas.harvard.edu/cbdbapi/person.php?id=46701;
P182;郑旻;;明代;嘉靖丙辰(1556)进士;1556;潮州府;广东揭阳市榕城区;23.54,116.36;;;N;7;生平与物无竞，家居惟以琴书自娱。;;;
P183;陈光世;;明代;隆庆元年(1567);1567;潮州府;广东潮州市;23.66,116.62;;;N;7;被贼略时，以琴诗感其酋长而生还。;;;
P184;袁大敬等父子;;明代;万历/崇祯(1644前);1644;潮州府;广东揭阳市榕城区;23.54,116.36;;;N;7;父子皆善琴，曾与闽人对弹。;;;群体/家族-需拆分核对
P185;郭之奇;;明末清初;天启/永历(1627-1662);1627;潮州府;广东揭阳市榕城区;23.54,116.36;;;N;7;"南明死节名臣，修废琴""洗尘""，作铭。";87460;https://cbdb.fas.harvard.edu/cbdbapi/person.php?id=87460;
P186;陈衍虞;;明末清初;崇祯/顺治(1642-1655);1642;潮州府;广东潮州市潮安区;23.63,116.59;;;N;7;遗民，作《旅怀五首》以琴诉悲辛。;82011;https://cbdb.fas.harvard.edu/cbdbapi/person.php?id=82011;
P187;杨钟岳;;清代;顺治/康熙(1657-1670);1657;潮州府;广东汕头市澄海区;23.46,116.76;;;N;7;"梁佩兰盛赞其文具""大乐之雅""。";;;
P188;李仕学;;清代;乾隆元年(1736);1736;潮州府;广东揭阳市榕城区;23.54,116.36;;;N;7;编《初学艺引》，内含《琴引》四卷。;;;
P189;侯安都;;南北朝;陈朝世祖文帝时期;500;韶州府/南雄;广东韶关市始兴县;24.95,114.06;;;N;8;武将雄豪，然工隶书，能鼓琴。;158150;https://cbdb.fas.harvard.edu/cbdbapi/person.php?id=158150;
P190;孙奉伯;;南北朝;宋明帝太始六年(470);470;韶州府/南雄;广东韶关市始兴县;24.95,114.06;;;N;8;始兴太守，独献琴书以劝教化。;;;
P191;张九龄;;唐代;开元时期;700;韶州府/南雄;广东韶关市曲江区;24.68,113.60;;;N;8;"贤相，留有""归事丘中琴""等琴诗。";3130;https://cbdb.fas.harvard.edu/cbdbapi/person.php?id=3130;
P192;张随;;唐代;唐玄宗时期;700;韶州府/南雄;广东韶关市;24.81,113.60;;;N;8;张九龄族侄，作《无弦琴赋》。;;;
P193;孙氏;;唐代;唐代;700;韶州府/南雄;广东韶关市乐昌市;25.13,113.35;;;N;8;孟昌期妻，作《闻琴》诗。;;;
P194;邵谒;;唐代;咸通前后;700;韶州府/南雄;广东韶关市翁源县;24.35,114.13;;;N;8;耽琴与酒，作对酒弹古琴等诗。;93660;https://cbdb.fas.harvard.edu/cbdbapi/person.php?id=93660;
P195;石汝砺;;北宋;至和/元祐间;1050;韶州府/南雄;广东清远市英德市;24.18,113.41;;;N;8;碧落洞道士，著《碧落子斫琴法》。;38678;https://cbdb.fas.harvard.edu/cbdbapi/person.php?id=38678;
P196;刘兰苑;;明代;洪武初年(1368后);1368;韶州府/南雄;广东韶关市乐昌市;25.13,113.35;;;N;8;不就教授，以琴书自娱。;392046;https://cbdb.fas.harvard.edu/cbdbapi/person.php?id=392046;
P197;邓球;;明代;成化甲午(1474)举人;1474;韶州府/南雄;广东韶关市乐昌市;25.13,113.35;;;N;8;陈白沙弟子，每坐处必置琴书。;198965;https://cbdb.fas.harvard.edu/cbdbapi/person.php?id=198965;
P198;谭大初;;明代;嘉靖丁酉(1537)应贡;1537;韶州府/南雄;广东韶关市南雄市;25.11,114.31;;;N;8;历官尚书，遇家变辞归，筑轩鼓琴。;68318;https://cbdb.fas.harvard.edu/cbdbapi/person.php?id=68318;
P199;邓蔚旸;;清代;清代;1750;韶州府/南雄;广东韶关市乐昌市;25.13,113.35;;;N;8;闲居鼓琴自遣，于势利澹如也。;;;
P200;张琚;;明代;崇祯己卯(1639);1639;嘉应州;广东梅州市梅江区;24.31,116.12;;;N;5;辟斋日与昆季弹琴赋诗不出。;;;
P201;王利亨;;清代;乾隆/嘉庆(1789-1801);1789;嘉应州;广东梅州市梅江区;24.31,116.12;;;N;5;"购得唐代""仪凤丙子""御琴，黄钊作琴歌。";71672;https://cbdb.fas.harvard.edu/cbdbapi/person.php?id=71672;
P202;陈莹;;清代;同治八年(1869)旌表;1869;嘉应州;广东梅州市;24.31,116.12;;;N;5;贞女，惟喜鼓琴，音调凄绝。;;;
P203;杨受昭;;清代;清代;1750;嘉应州;广东梅州市大埔县;24.35,116.69;;;N;5;善琴书，灰心富贵，焚弃遗卷。;;;
P204;白玉蟾;;南宋;南宋时期;1200;琼州府(海南);海南海口市/儋州市;20.00,110.35;;;N;9;道教南五祖，善琴赋诗，诗记多位琴士。;24353;https://cbdb.fas.harvard.edu/cbdbapi/person.php?id=24353;
P205;汪浩然;;明代;嘉靖(1558-1562);1558;琼州府(海南);海南省海口市琼山区;20.00,110.35;;;N;9;编纂《琴瑟谱》三卷，恢复学宫礼乐。;;;
P206;云志高;;清代;康熙四十一年(1702);1702;琼州府(海南);海南省文昌市;19.61,110.75;;;N;9;编《蓼怀堂琴谱》，召集岭南名士校订。;;;
P207;苏敬衡;;清代;道光壬寅(1842);1842;琼州府(海南);海南省行政区;20.00,110.00;5-海南琼州交游圈;1;Y;4;赏识黄文玉琴艺，为其《琴臠》作序。;65257;https://cbdb.fas.harvard.edu/cbdbapi/person.php?id=65257;
P208;金树本;;清代;道光间;1750;琼州府(海南);海南省陵水县;18.50,110.03;5-海南琼州交游圈;1;Y;4;时任陵水知县，与黄文玉交好，作序。;83097;https://cbdb.fas.harvard.edu/cbdbapi/person.php?id=83097;
P209;欧阳辟;;北宋;至和/元祐六年(1091);1091;广西(大岭南);广西桂林市灵川县;25.41,110.32;;;N;9;赠琴枕予苏轼，乞休归乡后乐琴书。;97542;https://cbdb.fas.harvard.edu/cbdbapi/person.php?id=97542;
P210;李麟;;明代;成化辛卯(1471);1471;广西(大岭南);广西桂林市阳朔县;24.77,110.49;;;N;9;邑化于弦歌，致政归后以琴书自乐。;;;
P211;黄献;;明代;弘治/嘉靖(1496-1546);1496;广西(大岭南);广西桂林市平乐县;24.63,110.64;;;N;9;学琴于内府，编刻《梧冈琴谱》。;;;
P212;赵搏;;五代;南汉时期;940;籍贯不详及其它;不详;;;;N;10;遗有《赵搏歌诗》，作《琴歌》悲叹良琴埋没。;;;
P213;张瀛;;五代;南汉时期;940;籍贯不详及其它;不详;;;;N;10;作《赠琴棋僧》，述罗浮道士抚琴与棋事。;;;
P214;廖吉人;;明代;崇祯六年(1633)举人;1633;籍贯不详及其它;不详;;;;N;10;任江南黟县令，解组归，以琴书自乐。;;;
P215;陈小屏;;清代;咸丰/同治间;1750;籍贯不详及其它;广东东部/云南省;25.04,102.71;6-滇黔大西南交游圈;1;Y;10;传《九霄环佩》等曲，润色《碧天秋思》。;;;
P216;陈燕;;清代;光绪间;1750;籍贯不详及其它;广东东部/云南省;25.04,102.71;6-滇黔大西南交游圈;1;Y;10;传金陵派琴学于云南杨恩锡。;;;
P217;凌凤阁;;清代;光绪间;1750;籍贯不详及其它;广东西部/云南省;25.04,102.71;;;N;10;善琴，在云南与杨恩锡等有琴交。;;;
P218;何庚生;;清代;同治间;1750;籍贯不详及其它;浙江省/广东省;;;;N;10;与浦城派祝庆年通信探讨古琴选材与断纹。;;;
P219;刘玉方;;清代;光绪十三年(1887);1887;籍贯不详及其它;不详;;;;N;10;号筠庵，曾为僧，为重刻《悟雪山房琴谱》作序。;;;
P220;梁森;;清代;道光二十二年(1842);1842;籍贯不详及其它;不详;;;;N;10;字东山，黄景星《悟雪山房琴谱》参校者之一。;494394;https://cbdb.fas.harvard.edu/cbdbapi/person.php?id=494394;
P221;梁中同;;清代;清代晚期;1750;籍贯不详及其它;不详;;;;N;10;绘《十二山楼听琴图》，记录晚清雅集听琴。;;;
P222;阮寅;;清代;光绪间;1750;籍贯不详及其它;贵州省毕节市;27.30,105.29;6-滇黔大西南交游圈;1;Y;4;双目失明，但与流寓的黄炳堃结为琴诗之友。;;;
P223;王宾;;清代;光绪间;1750;籍贯不详及其它;云南省昆明市;25.04,102.71;6-滇黔大西南交游圈;1;Y;4;善鼓琴，曾在云南五华阁为黄炳堃演奏。;577678;https://cbdb.fas.harvard.edu/cbdbapi/person.php?id=577678;
P224;冯有光;;清代;光绪间;1750;籍贯不详及其它;云南省昆明市;25.04,102.71;6-滇黔大西南交游圈;1;Y;4;好琴胜酒，黄炳堃在云南时常至其寓所听琴。;;;
P225;杨恩锡;;;;;;;;6-滇黔大西南交游圈;4;Y;;(仅见于网络图,地理表未收);;;网络专有-待补地理
P226;李澄宇;;;;;;;;7-梦香园及周边雅集圈;1;Y;;(仅见于网络图,地理表未收);;;网络专有-待补地理
