id,姓名,异名,朝代,时期,所属府地,籍贯,现代行政区划,lat,lng,群体(网络类别),网络节点ID,网络度数,在网络图,在地图,来源组,事迹,数据标记,CBDB编号,CBDB姓名,CBDB朝代,CBDB生卒,CBDB比对状态,CBDB链接
P001,王范,,三国,太康八年(287)前后,广州府,南海,广东佛山市南海区,23.03,113.11,,,,N,Y,1,闭户不出，以琴书自娱。,,,,,,no-match-auto,
P002,杨环,,唐代,咸通二年(861)登科,广州府,南海,广东佛山市南海区,23.03,113.11,,,,N,Y,1,"隐居罗浮，日以琴樽自娱，称""南滨三隐""。",,,,,,no-match-auto,
P003,罗宝珍,,北宋,宋末/弘治间取归,广州府,顺德,广东佛山市顺德区,22.83,113.25,,,,N,Y,1,"道士，自斫一琴名""震北雷""。",,,,,,unchecked,
P004,梁新仪,,明代,永乐乙酉(1405)举人,广州府,顺德,广东佛山市顺德区,22.83,113.25,,,,N,Y,2,太平府学教授，每夕衣冠危坐，或焚香鼓琴。,,,,,,unchecked,
P005,黄瑜,,明代,景泰/成化(1456-1469),广州府,香山,广东中山市,22.52,113.39,,,,N,Y,1,居双槐亭，建友琴堂，作《友琴堂》诗及琴赋。,,,,,,no-match-auto,
P006,简政,,明代,成化元年(1464)举人,广州府,顺德,广东佛山市顺德区,22.83,113.25,,,,N,Y,1,"号琴轩，善琴，谓其""将弹琴而治乎""。",,,,,,unchecked,
P007,伍云,,明代,成化七年(1471)前后,广州府,新会,广东江门市新会区,22.53,113.03,,,,N,Y,1,"陈白沙弟子，常乘""光风艇""置琴独钓。",,66752,伍雲,明,?-1424,"auto(仅朝代吻合,待复核)",https://cbdb.fas.harvard.edu/cbdbapi/person.php?id=66752
P008,陈景云,,明代,成化/弘治间,广州府,新会,广东江门市新会区,22.53,113.03,,,,N,Y,2,陈献章之子，受白沙心学影响，善弹琴。,,,,,,no-match-auto,
P009,张诩,,明代,成化/弘治间,广州府,南海,广东佛山市南海区,23.03,113.11,,,,N,Y,2,陈献章门下弟子，受白沙心学影响，善弹琴。,,,,,,no-match-auto,
P010,蔡亨嘉,,明代,成化/弘治间,广州府,顺德/东莞,佛山顺德/东莞市,22.83,113.25,,,,N,Y,2,皆为陈献章门下弟子，受心学影响而善弹琴。,拆分自合并单元格,203845,蔡亨嘉,明,1500-?,"auto(仅朝代吻合,待复核)",https://cbdb.fas.harvard.edu/cbdbapi/person.php?id=203845
P011,陈秉常,,明代,成化/弘治间,广州府,顺德/东莞,佛山顺德/东莞市,22.83,113.25,,,,N,Y,2,皆为陈献章门下弟子，受心学影响而善弹琴。,拆分自合并单元格,431523,陳秉常,明,?-?,"auto(仅朝代吻合,待复核)",https://cbdb.fas.harvard.edu/cbdbapi/person.php?id=431523
P012,何庸,,明代,成化丁酉(1477),广州府,香山小榄,广东中山市小榄镇,22.66,113.24,,,,N,Y,1,"鼓琴调鹤自娱，号""琴鹤东人""，名动京师。",,,,,,unchecked,
P013,黄畿,,明代,成化后(黄瑜之子),广州府,香山,广东中山市,22.52,113.39,,,,N,Y,1,七岁善属对鼓琴，研九流，撰《易说》。,,283182,黃畿,明,?-?,"auto(仅朝代吻合,待复核)",https://cbdb.fas.harvard.edu/cbdbapi/person.php?id=283182
P014,陈献章,,明代,正统/弘治(1447-1500),广州府,新会,广东江门市新会区,22.53,113.03,2-先贤/宗师,N6,1,Y,Y,1,白沙心学宗师，倡以琴节性和情，藏琴多床。,,29570,陳獻章,明,1428-1500,verified,https://cbdb.fas.harvard.edu/cbdbapi/person.php?id=29570
P015,湛若水,,明代,弘治/嘉靖(1492-1566),广州府,增城,广东广州市增城区,23.30,113.83,,,,N,Y,1,陈白沙弟子，著《古乐经传》，以琴洗心炼性。,,131191,湛若水,明,1466-1560,verified,https://cbdb.fas.harvard.edu/cbdbapi/person.php?id=131191
P016,黄佐,,明代,正德/嘉靖(1510-1566),广州府,香山,广东中山市,22.52,113.39,,,,N,Y,1,著《泰泉乡礼》推行琴乐教化，自度琴操三首。,,30674,黃佐,明,1490-1566,verified,https://cbdb.fas.harvard.edu/cbdbapi/person.php?id=30674
P017,黄愚任,,明代,正德/嘉靖间,广州府,东莞,广东东莞市,23.02,113.75,,,,N,Y,1,历友数十家琴师，八十岁编成《鸣弦一得》。,,,,,,unchecked,
P018,陈激衷,,明代,嘉靖壬午(1522)举人,广州府,南海,广东佛山市南海区,23.03,113.11,,,,N,Y,1,尤精乐律，与方献夫谈论鼓琴，斫六虚琴。,,,,,,unchecked,
P019,张于逵,,明代,嘉靖(1543-1553),广州府,番禺,广东广州市番禺区,22.93,113.38,,,,N,Y,1,解组归乡时行李萧然，仅琴书而已。,,204249,張于逵,明,1522-?,auto(朝代+生卒吻合),https://cbdb.fas.harvard.edu/cbdbapi/person.php?id=204249
P020,陈万言,,明代,嘉靖壬子(1552)举人,广州府,南海,广东佛山市南海区,23.03,113.11,,,,N,Y,1,结社浮丘，探望邹应龙时鼓琴终日。,,130952,陳萬言,明,?-?,"auto(仅朝代吻合,待复核)",https://cbdb.fas.harvard.edu/cbdbapi/person.php?id=130952
P021,袁昌祚,,明代,嘉靖/隆庆(1555-1571),广州府,东莞,广东东莞市,23.02,113.75,,,,N,Y,1,嗜书，著《乐律考》，为《鸣弦一得》作序。,,205766,袁昌祚,明,1535-?,auto(朝代+生卒吻合),https://cbdb.fas.harvard.edu/cbdbapi/person.php?id=205766
P022,黄正色,,明代,嘉靖壬戌(1562)进士,广州府,寓居南海/香山,佛山南海/中山市,23.03,113.11,,,,N,Y,1,江阴人，任南海令时，昼间坐堂上弹琴自适。,,,,,,no-match-auto,
P023,孔希保,,明代,嘉靖/万历间,广州府,南海,广东佛山市南海区,23.03,113.11,,,,N,Y,1,杜门索居，以弹琴适志为乐。,,,,,,unchecked,
P024,湛自正,,明代,万历乙酉(1585)举人,广州府,增城,广东广州市增城区,23.30,113.83,,,,N,Y,1,湛若水裔孙，筑别墅弹琴读书自娱。,,,,,,unchecked,
P025,李杜文,,明代,万历(1593-1607),广州府,新会,广东江门市新会区,22.53,113.03,,,,N,Y,1,历官十载，囊无长物，惟琴书笔砚而已。,,225114,李杜文,明,?-?,"auto(仅朝代吻合,待复核)",https://cbdb.fas.harvard.edu/cbdbapi/person.php?id=225114
P026,伍瑞隆,,明代,天启辛酉(1621)乡试,广州府,香山,广东中山市,22.52,113.39,,,,N,Y,1,"晚卜筑鸠艾山，遗有明琴""风雷吼""。",,551202,伍瑞隆,明,?-?,"auto(仅朝代吻合,待复核)",https://cbdb.fas.harvard.edu/cbdbapi/person.php?id=551202
P027,曾宜高,,明代,天启甲子(1624)举人,广州府,顺德,广东佛山市顺德区,22.83,113.25,,,,N,Y,1,雅善琴，抚弦不辍，著有《琴谱》。,,,,,,unchecked,
P028,黎遂球,,明代,天启/崇祯(1626-1640),广州府,番禺,广东广州市番禺区,22.93,113.38,,,,N,Y,1,南园名士，辟晴眉阁旁为文房，临帖学琴。,,,,,,no-match-auto,
P029,韦士贲,,明代,明末,广州府,顺德,广东佛山市顺德区,22.83,113.25,,,,N,Y,1,嗜学不倦，终日危坐，兴至或弹琴自适。,,,,,,unchecked,
P030,邝露,,明末清初,崇祯/顺治(1634-1650),广州府,南海,广东佛山市南海区,23.03,113.11,,,,N,Y,1,"殉国烈士，藏""南风""""绿绮台""古琴，抱琴死节。",,73479,鄺露,清,1604-1650,verified,https://cbdb.fas.harvard.edu/cbdbapi/person.php?id=73479
P031,张乔,,明末清初,明末南园诗社时期,广州府,番禺/广州,广东广州市,23.13,113.26,,,,N,Y,1,明季才女，侍陈子壮等赋诗，留有抱琴像。,,,,,,no-match-auto,
P032,陈其秩,,明末清初,清初迁界时期,广州府,顺德,广东佛山市顺德区,22.83,113.25,,,,N,Y,1,明亡后抱琴书侨居县城授徒，隐居不仕。,,,,,,unchecked,
P033,梁启运,,明末清初,崇祯/清初,广州府,番禺,广东广州市番禺区,22.93,113.38,,,,N,Y,1,筑室水云别墅隐居不出，雅善鼓琴。,,,,,,unchecked,
P034,薛始亨,,明末清初,崇祯/康熙(1617-1686),广州府,顺德,广东佛山市顺德区,22.83,113.25,,,,N,Y,1,"遗民，入罗浮山斫""都梁""琴，著《琴赋》。",,91628,薛始亨,清,1617-1686,auto(朝代+生卒吻合),https://cbdb.fas.harvard.edu/cbdbapi/person.php?id=91628
P035,陈子升,,明末清初,永历/康熙(1614-1692),广州府,南海,广东佛山市南海区,23.03,113.11,,,,N,Y,1,遗民，自度《水东游》，著《琴翼》，典赎古琴。,,81558,陳子升,清,1614-1692,auto(朝代+生卒吻合),https://cbdb.fas.harvard.edu/cbdbapi/person.php?id=81558
P036,黄元祥,,明末清初,崇祯间贡生/清初,广州府,番禺,广东广州市番禺区,22.93,113.38,,,,N,Y,1,明亡后闭户不出，日夕与妻吟诗弹琴相乐。,,,,,,unchecked,
P037,王华姜,,清初,康熙间 (1669年归粤),广州府,寓居番禺,广东广州市番禺区,22.93,113.38,,,,N,Y,2,陕西榆林人，屈大均之妾，病卒殉琴。,,522323,王華姜,清,?-?,"auto(仅朝代吻合,待复核)",https://cbdb.fas.harvard.edu/cbdbapi/person.php?id=522323
P038,闻一和尚,,清代,康熙(1662年前后),广州府,寓居广州,广东广州市荔湾区,23.12,113.24,,,,N,Y,1,广陵人，主持华林寺，善琴能画。,,,,,,unchecked,
P039,今身,,清代,康熙戊申(1668)弃诸生,广州府,新会,广东江门市新会区,22.53,113.03,,,,N,Y,1,本俗姓刘，嗜学好古，善鼓琴，后削发为僧。,,,,,,unchecked,
P040,陈恭尹,,清代,康熙(1631-1700),广州府,顺德,广东佛山市顺德区,22.83,113.25,,,,N,Y,1,岭南三大家，作《御琴歌》，参订琴谱。,,65498,陳恭尹,清,1631-1700,verified,https://cbdb.fas.harvard.edu/cbdbapi/person.php?id=65498
P041,屈大均,,清代,康熙(1630-1696),广州府,番禺,广东广州市番禺区,22.93,113.38,,,,N,Y,1,岭南三大家，作《御琴歌》，为亡妻殉琴。,,30190,屈大均,清,1630-1696,verified,https://cbdb.fas.harvard.edu/cbdbapi/person.php?id=30190
P042,梁佩兰,,清代,顺治/康熙(1657-1688),广州府,南海,广东佛山市南海区,23.03,113.11,,,,N,Y,1,"岭南三大家，得苏轼""六莹琴""并以琴名堂。",,63883,梁佩蘭,清,1632-1708,verified,https://cbdb.fas.harvard.edu/cbdbapi/person.php?id=63883
P043,际鼎,,清代,康熙间,广州府,顺德,广东佛山市顺德区,22.83,113.25,,,,N,Y,1,不慕荣名，喜作诗字，弹琴自适，有菊癖。,,,,,,unchecked,
P044,黄登,,清代,康熙间,广州府,番禺,广东广州市番禺区,22.93,113.38,,,,N,Y,1,与梁佩兰结琴社于光孝寺，善鼓琴。,,,,,,no-match-auto,
P045,罗谦,,清代,康熙间,广州府,番禺,广东广州市番禺区,22.93,113.38,,,,N,Y,1,隐迹龙溪以布衣老，善琴，陈恭尹等有诗咏。,,,,,,no-match-auto,
P046,陈阿平,,清代,康熙间,广州府,东莞,广东东莞市,23.02,113.75,,,,N,Y,1,参订《蓼怀堂琴谱》，与陈恭尹等交好。,,,,,,unchecked,
P047,黄国璘,,清代,康熙间,广州府,新会,广东江门市新会区,22.53,113.03,,,,N,Y,1,参订《蓼怀堂琴谱》，作序论琴道。,,,,,,unchecked,
P048,叶梦稷,,清代,顺治丁酉(1657)举人,广州府,新会,广东江门市新会区,22.53,113.03,,,,N,Y,1,旷怀安遇，弹琴乐道，有白沙之风。,,,,,,unchecked,
P049,伍佳郎,,清代,顺治五年(1648)大饥,广州府,新会,广东江门市新会区,22.53,113.03,,,,N,Y,1,朝夕课子，暇则弹琴赋诗，筑室南湖。,,,,,,unchecked,
P050,张显遇,,清代,康熙/雍正(1697-1725),广州府,新会,广东江门市新会区,22.53,113.03,,,,N,Y,1,雍正引疾归，于琴诗杂艺皆能淹通。,,401717,張顯遇,清,?-?,"auto(仅朝代吻合,待复核)",https://cbdb.fas.harvard.edu/cbdbapi/person.php?id=401717
P051,成鉴和尚,,清代,康熙/雍正间,广州府,顺德,广东广州市越秀区,23.13,113.26,,,,N,Y,1,光孝寺僧，幼知音律，琴理甚深。,,,,,,unchecked,
P052,何梦瑶,,清代,雍正/乾隆(1729-1730),广州府,南海,广东佛山市南海区,23.03,113.11,,,,N,Y,1,硕儒，通音律，著《賡和录》考释琴律。,,78835,何夢瑤,清,1693-1764,auto(朝代+生卒吻合),https://cbdb.fas.harvard.edu/cbdbapi/person.php?id=78835
P053,盛复初,,清代,乾隆癸丑至嘉庆乙未,广州府,寓居新会,广东江门市新会区,22.53,113.03,3-黄景星师长辈,N11,1,Y,Y,1,秀水人，任冈州书院山长，授黄景星琴曲。,,,,,,unchecked,
P054,莫锡龄,,清代,乾隆间,广州府,新会,广东江门市新会区,22.53,113.03,3-黄景星师长辈,N13,1,Y,Y,1,酷好丝桐，蓄古琴百张，极力鼓励后辈。,,,,,,unchecked,
P055,张文焯,,清代,乾隆四十五年(1780),广州府,新会,广东江门市新会区,22.53,113.03,3-黄景星师长辈,N12,1,Y,Y,1,闲雅工琴，蓄琴极富，授黄景星《水仙操》。,,607278,張文焯,清,?-?,"auto(仅朝代吻合,待复核)",https://cbdb.fas.harvard.edu/cbdbapi/person.php?id=607278
P056,黄观炯,,清代,乾隆(1761-1794),广州府,新会,广东江门市新会区,22.53,113.03,3-黄景星师长辈,N7,1,Y,Y,1,黄景星从兄，好读书弹琴，授黄景星指法。,,,,,,unchecked,
P057,黄鸣盛,,清代,乾隆四十四年(1779),广州府,新会,广东江门市新会区,22.53,113.03,3-黄景星师长辈,N8,1,Y,Y,1,黄景星之父，手抄《古冈遗谱》传世。,,117988,黃鳴盛,清,?-?,"auto(仅朝代吻合,待复核)",https://cbdb.fas.harvard.edu/cbdbapi/person.php?id=117988
P058,黎简,,清代,乾隆/嘉庆(1747-1799),广州府,顺德,广东佛山市顺德区,22.83,113.25,,,,N,Y,1,"著名诗画家，藏""帘泉""琴，有大量琴诗。",,91347,黎簡,清,1748-1799,verified,https://cbdb.fas.harvard.edu/cbdbapi/person.php?id=91347
P059,何洛书,,清代,乾隆己巳(1749)检讨,广州府,香山小榄,广东中山市小榄镇,22.66,113.24,3-黄景星师长辈,N9,1,Y,Y,1,著《琴谱》（佚），传授黄景星大操。,,,,,,no-match-auto,
P060,黄其勤,,清代,乾隆/道光(卒于1832),广州府,新会,广东江门市新会区,22.53,113.03,,,,N,Y,2,黄景星之兄，曾与黄景星等纂辑三十余谱。,,435699,黃其勤,清,?-?,"auto(仅朝代吻合,待复核)",https://cbdb.fas.harvard.edu/cbdbapi/person.php?id=435699
P061,陈世堂,,清代,乾隆/嘉庆间,广州府,番禺,广东广州市番禺区,22.93,113.38,3-黄景星师长辈,N14,1,Y,Y,1,擅文词，鼓琴为一时之冠，传《雁落平沙》。,,,,,,unchecked,
P062,何文祥,,清代,嘉庆庚申(1800),广州府,新会,广东江门市新会区,22.53,113.03,3-黄景星师长辈,N10,1,Y,Y,1,何洛书之子，谙琴理，传黄景星琴曲。,,,,,,unchecked,
P063,何凤,,清代,嘉庆十八年(1813),广州府,新会,广东江门市新会区,22.53,113.03,,,,N,Y,1,"购得古琴""秋梧""以为号，与黄景星有琴交。",,,,,,no-match-auto,
P064,蔡显原,,清代,嘉庆二十一年(1816),广州府,香山,广东中山市,22.52,113.39,,,,N,Y,1,为黄文玉《琴臠》作题咏。,,653082,蔡顯原,清,?-?,"auto(仅朝代吻合,待复核)",https://cbdb.fas.harvard.edu/cbdbapi/person.php?id=653082
P065,陈上进,,清代,嘉庆间,广州府,广州府,广东广州市,23.13,113.26,,,,N,Y,2,撰有《琴谱》卷数阙如，见于《广州府志》。,,668861,陳上進,清,?-?,"auto(仅朝代吻合,待复核)",https://cbdb.fas.harvard.edu/cbdbapi/person.php?id=668861
P066,陈昙,,清代,嘉庆/道光间,广州府,番禺,广东广州市番禺区,22.93,113.38,,,,N,Y,1,"慕邝露为人，得藏其""绿绮台""琴。",,81353,陳曇,清,1784-1851,"auto(仅朝代吻合,待复核)",https://cbdb.fas.harvard.edu/cbdbapi/person.php?id=81353
P067,莫云汉,,清代,嘉庆/道光间,广州府,新会,广东江门市新会区,22.53,113.03,,,,N,Y,1,延请何洛书为馆师，教授子弟琴学。,,,,,,unchecked,
P068,莫延芳,,清代,嘉庆/道光间,广州府,新会,广东江门市新会区,22.53,113.03,4-羊城琴社,N21,1,Y,Y,1,与黄景星同师何洛书，细订《醉渔唱晚》。,,,,,,unchecked,
P069,黄崇干,,清代,嘉庆/道光间,广州府,新会,广东江门市新会区,22.53,113.03,4-羊城琴社,N27,1,Y,Y,2,黄其勤长子，时跌宕于琴酒，同研琴谱。,,,,,,unchecked,
P070,黄景星,,清代,嘉庆/道光(1816-1842),广州府,新会,广东江门市新会区,22.53,113.03,1-核心(新会黄氏),N1,24,Y,Y,1,岭南琴派鼻祖，结琴社，编《悟雪山房琴谱》。,,,,,,"no-match(明1474_201688为同名异人,晚清覆盖薄)",
P071,黄文玉,,清代,嘉庆/道光(1815-1843),广州府,新会,广东江门市新会区,22.53,113.03,1-核心(新会黄氏),N2,11,Y,Y,1,黄景星侄，任海南教谕，自度《猿啼秋峡》。,,88086,黃文玉,清,1789-1863,auto(朝代+生卒吻合),https://cbdb.fas.harvard.edu/cbdbapi/person.php?id=88086
P072,曾望颜,,清代,嘉庆/同治(1819-1870),广州府,香山/顺德,中山/佛山顺德区,22.52,113.39,5-海南琼州交游圈,N36,1,Y,Y,1,善琴，为黄文玉《琴臠》参订。,,58421,曾望顏,清,1790-1870,auto(朝代+生卒吻合),https://cbdb.fas.harvard.edu/cbdbapi/person.php?id=58421
P073,陈其锟,,清代,道光六年(1826)进士,广州府,番禺,广东广州市番禺区,22.93,113.38,5-海南琼州交游圈,N31,1,Y,Y,1,通琴理，作《琴句七咏》，为《琴臠》作序。,,81872,陳其錕,清,1792-1861,auto(朝代+生卒吻合),https://cbdb.fas.harvard.edu/cbdbapi/person.php?id=81872
P074,赵古农,,清代,道光戊子(1828)赋闲,广州府,番禺,广东广州市番禺区,22.93,113.38,4-羊城琴社,N22,1,Y,Y,1,居羊城日聆黄景星琴音，为悟谱作序。,,,,,,unchecked,
P075,陈灼奎,,清代,道光戊子(1828)前后,广州府,新会,广东江门市新会区,22.53,113.03,4-羊城琴社,N15,1,Y,Y,1,黄景星琴社核心成员，得授《雁落平沙》。,,,,,,unchecked,
P076,陈绮石,,清代,道光间,广州府,新会,广东江门市新会区,22.53,113.03,4-羊城琴社,N16,1,Y,Y,2,陈灼奎之兄，与黄景星等联作琴社。,,,,,,unchecked,
P077,潘名熊,,清代,道光/同治(1829-1868),广州府,番禺,广东广州市番禺区,22.93,113.38,4-羊城琴社,N17,1,Y,Y,1,黄景星琴社常客，多诗作记录羊城琴会。,,,,,,unchecked,
P078,黄玉衔,,清代,道光十三年(1833)教谕,广州府,顺德,广东佛山市顺德区,22.83,113.25,5-海南琼州交游圈,N29,1,Y,Y,1,痴于琴，黄景星弟子，在海南为《琴臠》作序。,,681879,黃玉銜,清,?-?,"auto(仅朝代吻合,待复核)",https://cbdb.fas.harvard.edu/cbdbapi/person.php?id=681879
P079,何耀琨,,清代,道光十六年(1836),广州府,香山小榄,广东中山市小榄镇,22.66,113.24,4-羊城琴社,N25,1,Y,Y,1,何洛书之孙，受黄景星琴，为悟谱作序。,,,,,,unchecked,
P080,杨锡泉,,清代,道光戊戌(1838)从学,广州府,佛山(南海),广东佛山市禅城区,23.02,113.12,4-羊城琴社,N24,1,Y,Y,1,遇黄景星于羊城从学，为悟谱作序并参校。,,,,,,unchecked,
P081,冯筠,,清代,道光庚子(1840)前后,广州府,新会,广东江门市新会区,22.53,113.03,4-羊城琴社,N18,1,Y,Y,1,黄景星弟子，工琴善画，常于山馆雅集弹琴。,,,,,,unchecked,
P082,何羽仪,,清代,道光二十二年(1842),广州府,顺德,广东佛山市顺德区,22.83,113.25,,,,N,Y,1,《悟雪山房琴谱》参校者之一。,,,,,,unchecked,
P083,吴家树,,清代,道光壬寅(1842)前后,广州府,番禺,广东广州市番禺区,22.93,113.38,5-海南琼州交游圈,N37,1,Y,Y,1,任琼山训导，为黄文玉《琴臠》作题咏。,,591711,吳家樹,清,?-?,"auto(仅朝代吻合,待复核)",https://cbdb.fas.harvard.edu/cbdbapi/person.php?id=591711
P084,潘仕成,,清代,道光二十七年(1847),广州府,番禺,广东广州市荔湾区,23.12,113.24,,,,N,Y,1,筑海山仙馆，蓄琴（如天响琴），交结文人。,,522304,潘仕成,清,?-?,"auto(仅朝代吻合,待复核)",https://cbdb.fas.harvard.edu/cbdbapi/person.php?id=522304
P085,陈澧,,清代,道光/同治(1831-1867),广州府,番禺,广东广州市番禺区,22.93,113.38,7-梦香园及周边雅集圈,N49,1,Y,Y,1,岭南硕儒，著《琴律谱》，精研古琴律吕。,,54955,陳澧,清,1810-1882,verified,https://cbdb.fas.harvard.edu/cbdbapi/person.php?id=54955
P086,李能定,,清代,道光/咸丰(1837-1858),广州府,番禺/南海,广东广州市/佛山市,23.13,113.26,,,,N,Y,1,学海堂学长，曾赠古琴予陈澧以励之。,,,,,,unchecked,
P087,黄淇,,清代,道光间,广州府,新会,广东江门市新会区,22.53,113.03,4-羊城琴社,N26,1,Y,Y,2,黄景星之子，参与《悟雪山房琴谱》校字。,,,,,,no-match-auto,
P088,释以直,,清代,道光间,广州府,广州(海幢寺),广东广州市海珠区,23.10,113.26,4-羊城琴社,N19,1,Y,Y,2,广州寺僧，黄景星琴社常客，常泛舟鼓琴。,,,,,,unchecked,
P089,释玉堂,,清代,道光间,广州府,广州(华林寺),广东广州市荔湾区,23.12,113.24,4-羊城琴社,N28,0,Y,Y,2,华林寺上人（琴僧），潘名熊等曾造访听琴。,,,,,,unchecked,
P090,黄宝琛,,清代,道光间,广州府,番禺,广东广州市番禺区,22.93,113.38,,,,N,Y,2,黄禧之嫡叔，生前善琴，遗琴存采渔轩。,,,,,,unchecked,
P091,黄药航,,清代,道光间,广州府,番禺,广东广州市番禺区,22.93,113.38,,,,N,Y,2,黄禧堂兄，生前善琴，曾过慈度禅院弹琴。,,,,,,unchecked,
P092,莫兆琼,,清代,道光间,广州府,新会,广东江门市新会区,22.53,113.03,,,,N,Y,2,冈州文人。留有忆听黄景星弹琴的诗作。,拆分自合并单元格,,,,,unchecked,
P093,莫士敬,,清代,道光间,广州府,新会,广东江门市新会区,22.53,113.03,,,,N,Y,2,冈州文人。留有忆听黄景星弹琴的诗作。,拆分自合并单元格,,,,,unchecked,
P094,卢桐君,,清代,道光间,广州府,增城,广东广州市增城区,23.30,113.83,5-海南琼州交游圈,N34,1,Y,Y,2,均为黄文玉受业弟子，参与《琴臠》编次。,拆分自合并单元格,,,,,unchecked,
P095,何子桂,,清代,道光间,广州府,增城,广东广州市增城区,23.30,113.83,5-海南琼州交游圈,N35,1,Y,Y,2,均为黄文玉受业弟子，参与《琴臠》编次。,拆分自合并单元格,,,,,unchecked,
P096,罗登道,,清代,道光间,广州府,番禺,广东广州市番禺区,22.93,113.38,,,,N,Y,2,均为黄文玉受业弟子，参与《琴臠》编次。,拆分自合并单元格,,,,,unchecked,
P097,梁姚桂,,清代,道光间,广州府,番禺,广东广州市番禺区,22.93,113.38,,,,N,Y,2,均为黄文玉受业弟子，参与《琴臠》编次。,拆分自合并单元格,,,,,unchecked,
P098,黄禧,,清代,道光间,广州府,番禺,广东广州市番禺区,22.93,113.38,,,,N,Y,1,参与黄景星琴社，与潘名熊等人雅集弹琴。,,88033,黃禧,清,1814-1881,"auto(仅朝代吻合,待复核)",https://cbdb.fas.harvard.edu/cbdbapi/person.php?id=88033
P099,黄鹤禄,,清代,道光/咸丰间,广州府,新会,广东江门市新会区,22.53,113.03,,,,N,Y,2,黄文玉之子，善琴，为《琴臠》校字。,,,,,,unchecked,
P100,潘淑卿,,清代,道光/同治(卒于1867),广州府,番禺,广东广州市番禺区,22.93,113.38,,,,N,Y,2,潘名熊之女，雅善古琴，病卒后潘名熊悼之。,,,,,,unchecked,
P101,胡准,,清代,道光/同治间,广州府,新会,广东江门市新会区,22.53,113.03,4-羊城琴社,N23,2,Y,Y,1,"悟谱参订者，后常客郑绩""梦香园""。",,,,,,no-match-auto,
P102,莫韵石,莫湘厓,清代,道光/咸丰间,广州府,新会,广东江门市新会区,22.53,113.03,4-羊城琴社,N20,1,Y,Y,1,新会琴家，细订《岳阳三醉》等曲。,原表/号-已并为异名,,,,,unchecked,
P103,陈蔗湖,,清代,咸丰元年(1851)前后,广州府,新会,广东江门市新会区,22.53,113.03,,,,N,Y,1,抄录汇集新会琴人修订单曲，成《蔗湖琴谱》。,,,,,,unchecked,
P104,汪琼,,清代,咸丰三年(1853)入幕,广州府,番禺,广东广州市番禺区,22.93,113.38,,,,N,Y,1,学海堂名士，晚清琴家朱启连曾受业其门下。,,665151,鄧汪瓊,清,?-?,"auto(仅朝代吻合,待复核)",https://cbdb.fas.harvard.edu/cbdbapi/person.php?id=665151
P105,何赞清,,清代,咸丰/同治(1854-1869),广州府,香山小榄,广东中山市小榄镇,22.66,113.24,,,,N,Y,1,"颜其堂""七十二琴堂""，著《琴学汇成》。",,582359,何贊清,清,?-?,"auto(仅朝代吻合,待复核)",https://cbdb.fas.harvard.edu/cbdbapi/person.php?id=582359
P106,潘大纪,,清代,咸丰间,广州府,南海,广东佛山市南海区,23.03,113.11,,,,N,Y,1,遭岁饥仍不废琴，编有《松筠堂琴谱》（佚）。,,,,,,unchecked,
P107,彭燮堂,,清代,咸丰/同治间,广州府,寓居广州,广东广州市,23.13,113.26,,,,N,Y,2,湖北琴师，沦落至粤，何赞清馆至死并恤其家。,,,,,,unchecked,
P108,郑绩,,清代,同治七年(1868)前后,广州府,新会,广东广州市越秀区,23.14,113.26,7-梦香园及周边雅集圈,N45,5,Y,Y,1,"筑""梦香园""，召集陈澧、庆瑞等琴人雅集。",,,,,,no-match-auto,
P109,庆瑞,,清代,同治庚午(1870)前后,广州府,寓居广州,广东广州市越秀区,23.14,113.26,1-核心(梦香园),N4,6,Y,Y,1,满人，宦粤，于梦香园合奏琴瑟，编合谱。,,58075,慶瑞,清,?-1860,"auto(仅朝代吻合,待复核)",https://cbdb.fas.harvard.edu/cbdbapi/person.php?id=58075
P110,李芝仙,,清代,同治间,广州府,寓居广州,广东广州市越秀区,23.14,113.26,7-梦香园及周边雅集圈,N46,1,Y,Y,2,庆瑞之侍妾，常与庆瑞琴瑟对弹，参与校书。,,,,,,unchecked,
P111,张淑娟,,清代,同治间,广州府,寓居广州,广东广州市越秀区,23.14,113.26,7-梦香园及周边雅集圈,N48,1,Y,Y,2,庆瑞之谊女，随庆瑞习琴瑟，参与校书。,,,,,,unchecked,
P112,周振麟,,清代,同治间,广州府,寓居广州,广东广州市越秀区,23.14,113.26,7-梦香园及周边雅集圈,N47,1,Y,Y,2,庆瑞之门人，常在梦香园与庆瑞琴瑟合奏。,,373256,周振麟,清,?-?,"auto(仅朝代吻合,待复核)",https://cbdb.fas.harvard.edu/cbdbapi/person.php?id=373256
P113,张志熙,,清代,同治间,广州府,广州/新会,广东广州/江门市,23.14,113.26,,,,N,Y,2,同治九年曾在郑绩梦香园重阳聚会中鼓琴。,拆分自合并单元格,,,,,unchecked,
P114,盛开荣,,清代,同治间,广州府,广州/新会,广东广州/江门市,23.14,113.26,,,,N,Y,2,同治九年曾在郑绩梦香园重阳聚会中鼓琴。,拆分自合并单元格,,,,,unchecked,
P115,罗蕙屏,,清代,同治/光绪间,广州府,香山,广东中山市,22.52,113.39,,,,N,Y,1,服陈子清与何赞清之琴，作有论琴诗。,,,,,,unchecked,
P116,黄绍昌,,清代,同治/光绪(1874-1885),广州府,香山,广东中山市,22.52,113.39,7-梦香园及周边雅集圈,N51,1,Y,Y,1,"陈澧弟子，室名""秋琴馆""，有题秋琴图诗。",,88252,黃紹昌,清,1836-1895,auto(朝代+生卒吻合),https://cbdb.fas.harvard.edu/cbdbapi/person.php?id=88252
P117,李宝光,,清代,光绪十三年(1887),广州府,佛山,广东佛山市禅城区,23.02,113.12,,,,N,Y,1,主持重刻黄景星《悟雪山房琴谱》。,,,,,,unchecked,
P118,黄炳堃,,清代,光绪十四年(1888)前后,广州府,新会,广东江门市新会区,22.53,113.03,1-核心(新会黄氏),N3,6,Y,Y,1,黄文玉之子，宦游云南，自度《南湖秋雁》。,,88282,黃炳堃,清,1832-1903,auto(朝代+生卒吻合),https://cbdb.fas.harvard.edu/cbdbapi/person.php?id=88282
P119,吴荃选,,清代,光绪十五年(1889)举人,广州府,香山,广东中山市,22.52,113.39,,,,N,Y,1,"家藏古琴，参与""十二山楼""听琴雅集。",,,,,,unchecked,
P120,陈伯陶,,清代,光绪十八年(1892)进士,广州府,东莞,广东东莞市,23.02,113.75,,,,N,Y,1,鉴定方拱垣所藏古琴为唐物，作观琴听琴诗。,,,,,,no-match-auto,
P121,伍铨萃,,清代,光绪十八年(1892)进士,广州府,新会,广东江门市新会区,22.53,113.03,,,,N,Y,1,善琴，传有手抄《古冈遗谱》，有琴交。,,,,,,no-match-auto,
P122,张其淦,,清代,光绪甲午(1894)进士,广州府,东莞,广东东莞市,23.02,113.75,,,,N,Y,1,与罗浮道士有琴交，作有多首听琴诗。,,,,,,no-match-auto,
P123,陶邵学,,清代,光绪二十年(1894)进士,广州府,番禺,广东广州市番禺区,22.93,113.38,8-晚清学者琴律交游圈,N54,1,Y,Y,1,与朱启连共研琴律，著《琴律》。,,87886,陶邵學,清,1864-1908,auto(朝代+生卒吻合),https://cbdb.fas.harvard.edu/cbdbapi/person.php?id=87886
P124,朱启连,,清代,光绪乙未(1895)习琴,广州府,番禺(寓),广东广州市越秀区,23.13,113.26,1-核心(晚清学者圈),N5,9,Y,Y,1,"晚号""琴皇帝""，精研律吕，编《说琴录》。",,74173,朱啟連,清,1853-1899,auto(朝代+生卒吻合),https://cbdb.fas.harvard.edu/cbdbapi/person.php?id=74173
P125,宋彦成,,清代,光绪丁酉(1897)学琴,广州府,番禺,广东广州市番禺区,22.93,113.38,8-晚清学者琴律交游圈,N55,1,Y,Y,1,从朱启连学琴，藏名琴，著《琴学易知》。,,,,,,unchecked,
P126,高大林,,清代,光绪间,广州府,新会,广东江门市新会区,22.53,113.03,8-晚清学者琴律交游圈,N58,1,Y,Y,2,"新会制琴名家，曾重修明古琴""元丰材""。",,,,,,unchecked,
P127,陈长清,,清代,光绪间,广州府,香山,广东中山市,22.52,113.39,,,,N,Y,1,"善弹《平沙落雁》，常驻""十二山楼""弹琴。",,,,,,unchecked,
P128,劳芹,,清代,光绪间,广州府,南海,广东佛山市南海区,23.03,113.11,,,,N,Y,2,"藏宋琴""松雪""，为刘沃森《琴律一得》作序。",,,,,,unchecked,
P129,张志清,,清代,光绪间,广州府,寓居广州,广东广州市,23.13,113.26,8-晚清学者琴律交游圈,N53,1,Y,Y,2,藏有名琴，通达律吕，收朱启连为徒授琴。,,,,,,no-match-auto,
P130,章珠垣,,清代,光绪间,广州府,广州,广东广州市,23.13,113.26,8-晚清学者琴律交游圈,N57,1,Y,Y,2,清末琴学名士，善修琴，常与朱启连等研讨。,,,,,,unchecked,
P131,林瀚初,,清代,光绪间,广州府,广州,广东广州市,23.13,113.26,,,,N,Y,2,清末藏家，藏有唐代龙朔年间古琴。,,,,,,unchecked,
P132,叶秩甫,,清代,光绪间,广州府,顺德,广东佛山市顺德区,22.83,113.25,8-晚清学者琴律交游圈,N59,1,Y,Y,2,"藏有名琴""清夜钟""，与朱启连等切磋。",,,,,,unchecked,
P133,杨兆桂,,清代,光绪间,广州府,广州,广东广州市,23.13,113.26,8-晚清学者琴律交游圈,N60,1,Y,Y,2,"曾旧藏名琴""绿绮台""，与朱启连有深厚琴交。",,,,,,unchecked,
P134,蔡廷榕,,清代,清代中后期,广州府,南海,广东佛山市南海区,23.03,113.11,,,,N,Y,1,"辟""古琴室""，作《古琴》诗。",,,,,,unchecked,
P135,沈其缙,,清代,清代中后期,广州府,番禺,广东广州市番禺区,22.93,113.38,,,,N,Y,1,诸生，工诗画，善弹琴，通医学。,,,,,,unchecked,
P136,范浚,,清代,嘉庆间,广州府,番禺,广东广州市番禺区,22.93,113.38,,,,N,Y,1,"画有《携琴小影》，辟""古琴室""。",,,,,,no-match-auto,
P137,董百庆,,清代,清代中后期,广州府,香山,广东中山市,22.52,113.39,,,,N,Y,1,善鼓琴，为何赞清《琴学汇成》作序。,,652152,董百慶,清,?-?,"auto(仅朝代吻合,待复核)",https://cbdb.fas.harvard.edu/cbdbapi/person.php?id=652152
P138,黄翼朱,,清代,清代,广州府,增城,广东广州市增城区,23.30,113.83,,,,N,Y,1,屡试不第，与知己弹琴赋诗寄意。,,,,,,unchecked,
P139,翟宗祜,,清代,清代,广州府,东莞,广东东莞市,23.02,113.75,,,,N,Y,1,构小洞杜门不出，日夕惟弹琴赋诗自适。,,,,,,unchecked,
P140,莫兆瑜,,清代,清代,广州府,新会,广东江门市新会区,22.53,113.03,,,,N,Y,1,善弹琴，遗明琴一床。,,,,,,unchecked,
P141,颜师吼,,清代,清代,广州府,南海,广东佛山市南海区,23.03,113.11,,,,N,Y,1,作《论琴七绝六首》，力排俗调。,,,,,,unchecked,
P142,方拱垣,,清代,清末,广州府,寓居广州,广东广州市,23.13,113.26,,,,N,Y,1,藏陆剑南唐琴，与陈伯陶等文人交游。,,,,,,unchecked,
P143,李蟠,,清末,清末民国,广州府,香山,广东中山市,22.52,113.39,,,,N,Y,2,"民国时收得旧藏的南宋名琴""秋波""。",,358940,李蟠,清,?-?,"auto(仅朝代吻合,待复核)",https://cbdb.fas.harvard.edu/cbdbapi/person.php?id=358940
P144,陈叔举,,清末,清末至民国,广州府,番禺,广东广州市番禺区,22.93,113.38,8-晚清学者琴律交游圈,N56,3,Y,Y,1,家世能琴，早年与朱启连游，善修琴。,,,,,,unchecked,
P145,招鉴芬,,近代,民国(1883-1969),广州府,南海,广东佛山市南海区,23.03,113.11,9-近代传承桥梁,N62,1,Y,Y,2,从容心言处抄《古冈遗谱》给查阜西，现代寻根关键人。,,,,,,unchecked,
P146,杨新伦,,近代,民国(1898-1990),广州府,广州,广东广州市,23.13,113.26,9-近代传承桥梁,N65,3,Y,Y,2,岭南琴派重要传人，师从郑健候。,,,,,,unchecked,
P147,容心言,,近代,民国,广州府,寓居香港,香港特别行政区,22.28,114.16,9-近代传承桥梁,N61,4,Y,Y,2,庆瑞之孙，居香港，借《古冈遗谱》予招鉴芬。,,,,,,unchecked,
P148,郑健候,,近代,民国,广州府,香山(中山),广东中山市,22.52,113.39,9-近代传承桥梁,N64,1,Y,Y,2,杨新伦之师，从祖母学琴，以古冈谱授弟子。,,,,,,unchecked,
P149,卢家炳,,近代,民国,广州府,寓居广州,广东广州市,23.13,113.26,9-近代传承桥梁,N63,2,Y,Y,2,"中山大学教授，旧藏有""八极隐""古琴。",,,,,,unchecked,
P150,邓尔雅,,近代,民国,广州府,东莞,广东东莞市,23.02,113.75,,,,N,Y,2,"藏家，曾珍藏明代名琴""绿绮台""及""伴云琴""。",,,,,,unchecked,
P151,李文盛,,明代,弘治/正德间,肇庆/粤西,四会,广东肇庆市四会市,23.36,112.73,,,,N,Y,3,湛若水同学，客广州时室惟琴书，危坐终日。,,237328,李文盛,明,?-?,"auto(仅朝代吻合,待复核)",https://cbdb.fas.harvard.edu/cbdbapi/person.php?id=237328
P152,张天统,,明代,明代,肇庆/粤西,开平,广东江门市开平市,22.38,112.70,,,,N,Y,3,解组家居后，唯以琴书自乐。,,,,,,unchecked,
P153,施孔俭,,明代,万历己卯(1579)举人,肇庆/粤西,阳江,广东阳江市江城区,21.86,111.98,,,,N,Y,3,晚年买舟载琴书，放棹烟波，自称水月主人。,,404052,施孔儉,明,?-?,"auto(仅朝代吻合,待复核)",https://cbdb.fas.harvard.edu/cbdbapi/person.php?id=404052
P154,徐鼎,,明代,洪武十二年(1379)辞归,肇庆/粤西,南恩州(阳江),广东阳江市,21.86,111.98,,,,N,Y,4,辞燕府审理时，燕王特赠古琴以壮行色。,,,,,,no-match-auto,
P155,何可及,,清代,顺治九年(1652)岁贡,肇庆/粤西,高明,广东佛山市高明区,22.90,112.89,,,,N,Y,3,闭户著书，弹琴赋诗，澹如也。,,,,,,no-match-auto,
P156,关宗孔,,清代,康熙二十二年(1683),肇庆/粤西,高明,广东佛山市高明区,22.90,112.89,,,,N,Y,3,任从化训导，制行端方，善鼓琴，撰《琴谱调》。,,,,,,unchecked,
P157,谢耀正,,清代,雍正/乾隆(1729-1736),肇庆/粤西,开平,广东江门市开平市,22.38,112.70,,,,N,Y,3,善鼓琴，少游京师恒以囊琴自随。,,,,,,unchecked,
P158,李峰,,清代,乾隆己亥(1779)举人,肇庆/粤西,德庆,广东肇庆市德庆县,23.14,111.78,,,,N,Y,3,工琴，冯敏昌有听其弹琴诗。,,,,,,no-match-auto,
P159,何彬,,清代,嘉庆丁卯(1807)前后,肇庆/粤西,高要,广东肇庆市高要区,23.03,112.46,,,,N,Y,3,尤精鼓琴，匿姓名自晦，作《七星岩弹琴》诗。,,78681,何彬,清,1764-1825,auto(朝代+生卒吻合),https://cbdb.fas.harvard.edu/cbdbapi/person.php?id=78681
P160,梁树基,,清代,道光辛丑(1841)训导,肇庆/粤西,阳江,广东阳江市江城区,21.86,111.98,5-海南琼州交游圈,N30,1,Y,Y,4,听黄文玉鼓琴折服并拜为师，参与校定。,,,,,,unchecked,
P161,陆群儒,,清代,道光八年(1828)登科,肇庆/粤西,四会,广东肇庆市四会市,23.36,112.73,,,,N,Y,3,蓄唐琴，善抚《潇湘水云》，为《琴臠》题诗。,,673621,陸羣儒,清,?-?,"auto(仅朝代吻合,待复核)",https://cbdb.fas.harvard.edu/cbdbapi/person.php?id=673621
P162,何元,,清代,嘉庆/道光间,肇庆/粤西,高要,广东肇庆市高要区,23.03,112.46,,,,N,Y,3,性耽山水，兼善琴弈，多留琴诗。,,78664,何元,清,1766-1825,"auto(仅朝代吻合,待复核)",https://cbdb.fas.harvard.edu/cbdbapi/person.php?id=78664
P163,何其彬,,清代,同治四年(1865)前后,肇庆/粤西,西宁(郁南),广东云浮市郁南县,23.23,111.53,,,,N,Y,3,"授人制琴之法，自制""小春雷""等，著《琴谱》。",,,,,,unchecked,
P164,何瑗玉,,清代,同治/光绪间,肇庆/粤西,肇庆,广东肇庆市端州区,23.05,112.47,,,,N,Y,3,藏有琴谱《琴学轫端》，善画墨梅、摹印。,,,,,,unchecked,
P165,李梦庚,,清代,同治/光绪间,肇庆/粤西,鹤山,广东江门市鹤山市,22.77,112.96,7-梦香园及周边雅集圈,N50,2,Y,Y,3,"号息斋，制""塔影""、""寒碧""琴，传谱于云南。",,,,,,no-match-auto,
P166,何煜恒,,清末,光绪三十二年(1906),肇庆/粤西,寓开平,广东江门市开平市,22.38,112.70,8-晚清学者琴律交游圈,N52,1,Y,Y,4,宛平人，任开平知县，善琴，朱启连古琴启蒙。,,,,,,unchecked,
P167,吴尚懋,,清代,道光二十三年(1843),肇庆/粤西,吴川,广东湛江市吴川市,21.44,110.78,,,,N,Y,5,"善弹古琴，室名""闻思修慧室""，作《琴斋古韵》。",,593571,吳尚懋,清,?-?,"auto(仅朝代吻合,待复核)",https://cbdb.fas.harvard.edu/cbdbapi/person.php?id=593571
P168,黎士豪,,清代,清代,肇庆/粤西,茂名,广东茂名市,21.66,110.92,,,,N,Y,5,构雅咏轩，偕同人酌酒鼓琴，洒如也。,,,,,,unchecked,
P169,许汝赓,,清代,光绪间,肇庆/粤西,茂名,广东茂名市,21.66,110.92,,,,N,Y,5,"号""琴狗道人""，入深山潜弹大进。",,656935,許汝賡,清,?-?,"auto(仅朝代吻合,待复核)",https://cbdb.fas.harvard.edu/cbdbapi/person.php?id=656935
P170,刘心弦,,清末,光绪间,肇庆/粤西,寓居廉江,广东湛江市廉江市,21.61,110.28,,,,N,Y,4,湘人琴师，游岭表数年，尽传其累世之奥。,,,,,,unchecked,
P171,朱/严二秀才,,宋代,宋代,惠州府,归善,广东惠州市惠阳区,22.79,114.46,,,,N,Y,6,不求仕进，作文赋诗，每每鼓琴为乐。,群体/家族-需拆分核对,,,,,unchecked,
P172,聂逊,,明代,永乐癸卯(1423)举人,惠州府,归善永平,广东惠州市惠阳区,22.79,114.46,,,,N,Y,6,玩意琴书，不乐仕进，后辞教谕归。,,343996,聶遜,明,?-?,"auto(仅朝代吻合,待复核)",https://cbdb.fas.harvard.edu/cbdbapi/person.php?id=343996
P173,谢牧,,明代,宣德/成化(1427-1465),惠州府,河源,广东河源市源城区,23.74,114.70,,,,N,Y,6,善鼓琴，隐于桂山，力辞推举。,,,,,,no-match-auto,
P174,韩鸣凤,,明代,万历元年(1573)举人,惠州府,博罗,广东惠州市博罗县,23.17,114.28,,,,N,Y,6,退食辄鼓琴，以琴、莲、悬兰为三益友。,,,,,,unchecked,
P175,叶犹龙,,明末清初,崇祯/顺治间,惠州府,归善,广东惠州市惠阳区,22.79,114.46,,,,N,Y,6,"遗民，重金赎回邝露遗琴""绿绮台""。",,,,,,unchecked,
P176,焚琴子,,清代,康熙丁巳(1677)卒,惠州府,寓居惠州,广东惠州市,23.10,114.41,,,,N,Y,6,闽人，因失传人而焚琴。,,,,,,unchecked,
P177,韩朝英,,清代,清代,惠州府,博罗,广东惠州市博罗县,23.17,114.28,,,,N,Y,6,闭门瀹茗弹琴，邑令叹其广陵散犹在。,,,,,,unchecked,
P178,严斗枢,,清代,光绪间,惠州府,寓罗浮山,广东惠州市博罗县,23.28,114.07,,,,N,Y,6,茶山观道士，胡善制琴，中夜操琴指法高。,拆分自合并单元格,,,,,unchecked,
P179,胡柳溪,,清代,光绪间,惠州府,寓罗浮山,广东惠州市博罗县,23.28,114.07,,,,N,Y,6,茶山观道士，胡善制琴，中夜操琴指法高。,拆分自合并单元格,,,,,unchecked,
P180,黄氏,,宋代,宋代,潮州府,潮州,广东潮州市,23.66,116.62,,,,N,Y,7,王元文之妻，共持雅操，作有《听琴》诗。,,,,,,no-match-auto,
P181,张奂,,元代,元末胡元之乱时期,潮州府,海阳,广东潮州市潮安区,23.63,116.59,,,,N,Y,7,避乱潮阳，居常端坐一室，以琴书自娱。,,46701,張奐,元,?-?,"auto(仅朝代吻合,待复核)",https://cbdb.fas.harvard.edu/cbdbapi/person.php?id=46701
P182,郑旻,,明代,嘉靖丙辰(1556)进士,潮州府,揭阳,广东揭阳市榕城区,23.54,116.36,,,,N,Y,7,生平与物无竞，家居惟以琴书自娱。,,,,,,no-match-auto,
P183,陈光世,,明代,隆庆元年(1567),潮州府,潮州,广东潮州市,23.66,116.62,,,,N,Y,7,被贼略时，以琴诗感其酋长而生还。,,,,,,unchecked,
P184,袁大敬等父子,,明代,万历/崇祯(1644前),潮州府,揭阳,广东揭阳市榕城区,23.54,116.36,,,,N,Y,7,父子皆善琴，曾与闽人对弹。,群体/家族-需拆分核对,,,,,unchecked,
P185,郭之奇,,明末清初,天启/永历(1627-1662),潮州府,揭阳,广东揭阳市榕城区,23.54,116.36,,,,N,Y,7,"南明死节名臣，修废琴""洗尘""，作铭。",,87460,郭之奇,清,1607-1662,auto(朝代+生卒吻合),https://cbdb.fas.harvard.edu/cbdbapi/person.php?id=87460
P186,陈衍虞,,明末清初,崇祯/顺治(1642-1655),潮州府,海阳,广东潮州市潮安区,23.63,116.59,,,,N,Y,7,遗民，作《旅怀五首》以琴诉悲辛。,,82011,陳衍虞,清,1603-1688,auto(朝代+生卒吻合),https://cbdb.fas.harvard.edu/cbdbapi/person.php?id=82011
P187,杨钟岳,,清代,顺治/康熙(1657-1670),潮州府,澄海,广东汕头市澄海区,23.46,116.76,,,,N,Y,7,"梁佩兰盛赞其文具""大乐之雅""。",,68691,楊鍾嶽,清,?-?,"auto(仅朝代吻合,待复核)",https://cbdb.fas.harvard.edu/cbdbapi/person.php?id=68691
P188,李仕学,,清代,乾隆元年(1736),潮州府,揭阳,广东揭阳市榕城区,23.54,116.36,,,,N,Y,7,编《初学艺引》，内含《琴引》四卷。,,,,,,no-match-auto,
P189,侯安都,,南北朝,陈朝世祖文帝时期,韶州府/南雄,始兴曲江,广东韶关市始兴县,24.95,114.06,,,,N,Y,8,武将雄豪，然工隶书，能鼓琴。,,158150,侯安都,未詳,?-?,candidate-待核,https://cbdb.fas.harvard.edu/cbdbapi/person.php?id=158150
P190,孙奉伯,,南北朝,宋明帝太始六年(470),韶州府/南雄,始兴,广东韶关市始兴县,24.95,114.06,,,,N,Y,8,始兴太守，独献琴书以劝教化。,,,,,,unchecked,
P191,张九龄,,唐代,开元时期,韶州府/南雄,韶州曲江,广东韶关市曲江区,24.68,113.60,,,,N,Y,8,"贤相，留有""归事丘中琴""等琴诗。",,3130,張九齡,唐,678-740,verified,https://cbdb.fas.harvard.edu/cbdbapi/person.php?id=3130
P192,张随,,唐代,唐玄宗时期,韶州府/南雄,始兴/韶州,广东韶关市,24.81,113.60,,,,N,Y,8,张九龄族侄，作《无弦琴赋》。,,,,,,no-match-auto,
P193,孙氏,,唐代,唐代,韶州府/南雄,乐昌,广东韶关市乐昌市,25.13,113.35,,,,N,Y,8,孟昌期妻，作《闻琴》诗。,,,,,,no-match-auto,
P194,邵谒,,唐代,咸通前后,韶州府/南雄,翁源,广东韶关市翁源县,24.35,114.13,,,,N,Y,8,耽琴与酒，作对酒弹古琴等诗。,,93660,邵謁,唐,?-?,"auto(仅朝代吻合,待复核)",https://cbdb.fas.harvard.edu/cbdbapi/person.php?id=93660
P195,石汝砺,,北宋,至和/元祐间,韶州府/南雄,英德,广东清远市英德市,24.18,113.41,,,,N,Y,8,碧落洞道士，著《碧落子斫琴法》。,,38678,石汝礪,宋,?-?,verified,https://cbdb.fas.harvard.edu/cbdbapi/person.php?id=38678
P196,刘兰苑,,明代,洪武初年(1368后),韶州府/南雄,乐昌,广东韶关市乐昌市,25.13,113.35,,,,N,Y,8,不就教授，以琴书自娱。,,392046,劉蘭苑,明,?-?,"auto(仅朝代吻合,待复核)",https://cbdb.fas.harvard.edu/cbdbapi/person.php?id=392046
P197,邓球,,明代,成化甲午(1474)举人,韶州府/南雄,乐昌,广东韶关市乐昌市,25.13,113.35,,,,N,Y,8,陈白沙弟子，每坐处必置琴书。,,198965,鄧球,明,1439-?,auto(朝代+生卒吻合),https://cbdb.fas.harvard.edu/cbdbapi/person.php?id=198965
P198,谭大初,,明代,嘉靖丁酉(1537)应贡,韶州府/南雄,保昌(南雄),广东韶关市南雄市,25.11,114.31,,,,N,Y,8,历官尚书，遇家变辞归，筑轩鼓琴。,,68318,譚大初,明,1504-1578,auto(朝代+生卒吻合),https://cbdb.fas.harvard.edu/cbdbapi/person.php?id=68318
P199,邓蔚旸,,清代,清代,韶州府/南雄,乐昌,广东韶关市乐昌市,25.13,113.35,,,,N,Y,8,闲居鼓琴自遣，于势利澹如也。,,,,,,unchecked,
P200,张琚,,明代,崇祯己卯(1639),嘉应州,嘉应,广东梅州市梅江区,24.31,116.12,,,,N,Y,5,辟斋日与昆季弹琴赋诗不出。,,225081,張琚,明,?-?,"auto(仅朝代吻合,待复核)",https://cbdb.fas.harvard.edu/cbdbapi/person.php?id=225081
P201,王利亨,,清代,乾隆/嘉庆(1789-1801),嘉应州,嘉应,广东梅州市梅江区,24.31,116.12,,,,N,Y,5,"购得唐代""仪凤丙子""御琴，黄钊作琴歌。",,71672,王利亨,清,1764-?,auto(朝代+生卒吻合),https://cbdb.fas.harvard.edu/cbdbapi/person.php?id=71672
P202,陈莹,,清代,同治八年(1869)旌表,嘉应州,梅州大岭,广东梅州市,24.31,116.12,,,,N,Y,5,贞女，惟喜鼓琴，音调凄绝。,,,,,,no-match-auto,
P203,杨受昭,,清代,清代,嘉应州,大埔,广东梅州市大埔县,24.35,116.69,,,,N,Y,5,善琴书，灰心富贵，焚弃遗卷。,,,,,,unchecked,
P204,白玉蟾,,南宋,南宋时期,琼州府(海南),琼州/儋州,海南海口市/儋州市,20.00,110.35,,,,N,Y,9,道教南五祖，善琴赋诗，诗记多位琴士。,,24353,葛長庚(白玉蟾),宋,1134-1229,verified,https://cbdb.fas.harvard.edu/cbdbapi/person.php?id=24353
P205,汪浩然,,明代,嘉靖(1558-1562),琼州府(海南),琼州,海南省海口市琼山区,20.00,110.35,,,,N,Y,9,编纂《琴瑟谱》三卷，恢复学宫礼乐。,,,,,,no-match-auto,
P206,云志高,,清代,康熙四十一年(1702),琼州府(海南),文昌,海南省文昌市,19.61,110.75,,,,N,Y,9,编《蓼怀堂琴谱》，召集岭南名士校订。,,,,,,unchecked,
P207,苏敬衡,,清代,道光壬寅(1842),琼州府(海南),寓海南(渤海),海南省行政区,20.00,110.00,5-海南琼州交游圈,N32,1,Y,Y,4,赏识黄文玉琴艺，为其《琴臠》作序。,,65257,蘇敬衡,清,?-?,"auto(仅朝代吻合,待复核)",https://cbdb.fas.harvard.edu/cbdbapi/person.php?id=65257
P208,金树本,,清代,道光间,琼州府(海南),寓海南(钱塘),海南省陵水县,18.50,110.03,5-海南琼州交游圈,N33,1,Y,Y,4,时任陵水知县，与黄文玉交好，作序。,,83097,金樹本,清,1795-1847,"auto(仅朝代吻合,待复核)",https://cbdb.fas.harvard.edu/cbdbapi/person.php?id=83097
P209,欧阳辟,,北宋,至和/元祐六年(1091),广西(大岭南),灵川,广西桂林市灵川县,25.41,110.32,,,,N,Y,9,赠琴枕予苏轼，乞休归乡后乐琴书。,,97542,歐陽辟,宋,?-?,verified,https://cbdb.fas.harvard.edu/cbdbapi/person.php?id=97542
P210,李麟,,明代,成化辛卯(1471),广西(大岭南),阳朔,广西桂林市阳朔县,24.77,110.49,,,,N,Y,9,邑化于弦歌，致政归后以琴书自乐。,,,,,,no-match-auto,
P211,黄献,,明代,弘治/嘉靖(1496-1546),广西(大岭南),平乐,广西桂林市平乐县,24.63,110.64,,,,N,Y,9,学琴于内府，编刻《梧冈琴谱》。,,362637,黃獻,明,?-?,"auto(仅朝代吻合,待复核)",https://cbdb.fas.harvard.edu/cbdbapi/person.php?id=362637
P212,赵搏,,五代,南汉时期,籍贯不详及其它,不详(南汉官),不详,,,,,,N,N(无坐标),10,遗有《赵搏歌诗》，作《琴歌》悲叹良琴埋没。,,,,,,unchecked,
P213,张瀛,,五代,南汉时期,籍贯不详及其它,不详(南汉官),不详,,,,,,N,N(无坐标),10,作《赠琴棋僧》，述罗浮道士抚琴与棋事。,,,,,,no-match-auto,
P214,廖吉人,,明代,崇祯六年(1633)举人,籍贯不详及其它,不详,不详,,,,,,N,N(无坐标),10,任江南黟县令，解组归，以琴书自乐。,,,,,,no-match-auto,
P215,陈小屏,,清代,咸丰/同治间,籍贯不详及其它,粤东(宦滇),广东东部/云南省,25.04,102.71,6-滇黔大西南交游圈,N43,1,Y,Y,10,传《九霄环佩》等曲，润色《碧天秋思》。,,,,,,unchecked,
P216,陈燕,,清代,光绪间,籍贯不详及其它,粤东(宦滇),广东东部/云南省,25.04,102.71,6-滇黔大西南交游圈,N42,1,Y,Y,10,传金陵派琴学于云南杨恩锡。,,371947,陳燕,清,?-?,"auto(仅朝代吻合,待复核)",https://cbdb.fas.harvard.edu/cbdbapi/person.php?id=371947
P217,凌凤阁,,清代,光绪间,籍贯不详及其它,粤西(宦滇),广东西部/云南省,25.04,102.71,,,,N,Y,10,善琴，在云南与杨恩锡等有琴交。,,,,,,no-match-auto,
P218,何庚生,,清代,同治间,籍贯不详及其它,浙江/广东,浙江省/广东省,,,,,,N,N(无坐标),10,与浦城派祝庆年通信探讨古琴选材与断纹。,,581681,何庚生,清,?-?,"auto(仅朝代吻合,待复核)",https://cbdb.fas.harvard.edu/cbdbapi/person.php?id=581681
P219,刘玉方,,清代,光绪十三年(1887),籍贯不详及其它,不详,不详,,,,,,N,N(无坐标),10,号筠庵，曾为僧，为重刻《悟雪山房琴谱》作序。,,,,,,unchecked,
P220,梁森,,清代,道光二十二年(1842),籍贯不详及其它,不详,不详,,,,,,N,N(无坐标),10,字东山，黄景星《悟雪山房琴谱》参校者之一。,,494394,梁森,清,?-?,"auto(仅朝代吻合,待复核)",https://cbdb.fas.harvard.edu/cbdbapi/person.php?id=494394
P221,梁中同,,清代,清代晚期,籍贯不详及其它,不详,不详,,,,,,N,N(无坐标),10,绘《十二山楼听琴图》，记录晚清雅集听琴。,,,,,,unchecked,
P222,阮寅,,清代,光绪间,籍贯不详及其它,寓居滇黔,贵州省毕节市,27.30,105.29,6-滇黔大西南交游圈,N39,1,Y,Y,4,双目失明，但与流寓的黄炳堃结为琴诗之友。,,,,,,no-match-auto,
P223,王宾,,清代,光绪间,籍贯不详及其它,寓居滇黔,云南省昆明市,25.04,102.71,6-滇黔大西南交游圈,N40,1,Y,Y,4,善鼓琴，曾在云南五华阁为黄炳堃演奏。,,577678,王賓,清,1868-1930,"auto(仅朝代吻合,待复核)",https://cbdb.fas.harvard.edu/cbdbapi/person.php?id=577678
P224,冯有光,,清代,光绪间,籍贯不详及其它,寓居滇黔,云南省昆明市,25.04,102.71,6-滇黔大西南交游圈,N41,1,Y,Y,4,好琴胜酒，黄炳堃在云南时常至其寓所听琴。,,,,,,unchecked,
P225,杨恩锡,,,,,,,,,6-滇黔大西南交游圈,N38,4,Y,N(无坐标),,"(仅见于网络图,地理表未收)",网络专有-待补地理,,,,,unchecked,
P226,李澄宇,,,,,,,,,7-梦香园及周边雅集圈,N44,1,Y,N(无坐标),,"(仅见于网络图,地理表未收)",网络专有-待补地理,,,,,unchecked,
